[CB] 오버 더블 후드 트렌치코트_BK,카네브로스,169200,['[색상]를 선택하세요.' '블랙']/['[사이즈]를 선택하세요.' '2(M) (SOLD OUT)' '3(L) (SOLD OUT)' '4(XL) (SOLD OUT)'],h t t p s : / / i m a g e . b r a n d i . m e / c p r o d u c t / 2 0 1 8 / 1 2 / 2 0 / 6 6 4 8 7 8 8 _ 1 5 4 5 2 9 2 1 8 9 _ i m a g e 1 _ L . j p g,http://gi.esmplus.com/babaro7/CB/today.jpg http://gi.esmplus.com/babaro7/CB/18fw/200s.jpg http://gi.esmplus.com/babaro7/CB/18fw/CB_OVER_DOUBLE_COAT_BK_01.jpg http://gi.esmplus.com/babaro7/CB/18fw/CB_OVER_DOUBLE_COAT_BK_02.jpg http://gi.esmplus.com/babaro7/CB/18fw/CB_OVER_DOUBLE_COAT_BK_03.jpg http://gi.esmplus.com/babaro7/CB/18fw/CB_OVER_DOUBLE_COAT_BK_04.jpg http://gi.esmplus.com/babaro7/CB/18fw/CB_OVER_DOUBLE_COAT_BK_05.jpg
[광복절특가] 카네브로스 오버 싱글 트렌치코트,카네브로스,81500,['[색상]를 선택하세요.' '베이지']/['[사이즈]를 선택하세요.' 'M (SOLD OUT)' 'L' 'XL (SOLD OUT)'],h t t p s : / / i m a g e . b r a n d i . m e / c p r o d u c t / 2 0 2 0 / 0 8 / 0 4 / 1 8 7 4 4 5 2 2 _ 1 5 9 6 5 3 5 1 3 6 _ i m a g e 1 _ L . j p g,http://gi.esmplus.com/babaro7/CB/today.jpg http://gi.esmplus.com/babaro7/CB/19FW/MAIN/CB_single_BE1_01.jpg http://gi.esmplus.com/babaro7/CB/19FW/MAIN/CB_single_BE1_02.jpg http://gi.esmplus.com/babaro7/CB/19FW/MAIN/CB_single_BE1_03.jpg http://gi.esmplus.com/babaro7/CB/19FW/MAIN/CB_single_BE1_04.jpg http://gi.esmplus.com/babaro7/CB/19FW/MAIN/CB_single_BE1_05.jpg
MANNISH OVER TRENCH COAT_BEIGE,얀13,176700,['[SIZE]를 선택하세요.' 'FREE(95~105)']/,h t t p s : / / i m a g e . b r a n d i . m e / c p r o d u c t / 2 0 1 9 / 0 4 / 1 9 / 8 2 0 2 4 8 1 _ 1 5 5 5 6 5 0 7 7 0 _ i m a g e 1 _ L . j p g,http://teamcsp.hgodo.com/Y_M_2019/m0312_36_1.jpg
[톰브라운] MOU522E 02763 415 남성롱코트,럭스앤홀릭,4303000,['[색상]를 선택하세요.' '네이비']/['[사이즈]를 선택하세요.' '2 (SOLD OUT)' '3' '4 (SOLD OUT)' '4.0'],h t t p s : / / i m a g e . b r a n d i . m e / c p r o d u c t / 2 0 2 0 / 0 5 / 2 8 / 9 4 4 0 2 9 3 _ 1 5 9 0 6 5 4 9 9 3 _ i m a g e 1 _ L . j p g,http://luxnholic1.openhost.cafe24.com/web/img/thombrowne/thombrowne_205_a.jpg http://luxnholic1.openhost.cafe24.com/web/img/thombrowne/thombrowne_205_b.jpg http://luxnholic1.openhost.cafe24.com/web/img/thombrowne/thombrowne_205_c.jpg http://luxnholic1.openhost.cafe24.com/web/img/thombrowne/thombrowne_205_d.jpg http://luxnholic1.openhost.cafe24.com/web/img/thombrowne/thombrowne_205_e.jpg http://luxnholic1.openhost.cafe24.com/web/img/thombrowne/thombrowne_205_f.jpg http://luxnholic1.openhost.cafe24.com/web/img/thombrowne/thombrowne_205_g.jpg http://luxnholic1.openhost.cafe24.com/web/img/thombrowne/thombrowne_205_h.jpg http://luxnholic1.openhost.cafe24.com/web/img/_luxnholic/luxnholic_info.jpg
PADDED MAC COAT_CAMEL / TC1CTVF0805,크리스크리스티,65400,['[색상]를 선택하세요.' 'CAMEL(35)']/['[사이즈]를 선택하세요.' '100(M)' '105(L)' '095(S)'],h t t p s : / / i m a g e . b r a n d i . m e / c p r o d u c t / 2 0 2 0 / 0 8 / 1 0 / 1 8 8 7 1 1 3 7 _ 1 5 9 7 0 4 8 9 3 0 _ i m a g e 1 _ L . j p g,http://sejungmall.diskn.com/NEW_CC/product/TC1CTVF0805_D.jpg
Extra Long Double Tim Coat,효지노리코,171500,['[색상]를 선택하세요.' '와인' '블랙' '카키']/['[사이즈]를 선택하세요.' '46(M) (SOLD OUT)' '48(L) (SOLD OUT)' '50(XL) (SOLD OUT)'],h t t p s : / / i m a g e . b r a n d i . m e / c p r o d u c t / 2 0 1 9 / 1 2 / 1 6 / 1 2 6 2 0 2 8 6 _ 1 5 7 6 4 8 0 2 7 9 _ i m a g e 1 _ L . j p g,http://hyoji.mireene.kr/191202_ltcoat(wi).jpg http://hyoji.mireene.kr/191202_ltcoat(bk).jpg http://hyoji.mireene.kr/181021_coat3.jpg http://hyoji.mireene.kr/181021_coat3_main.jpg http://hyoji.mireene.kr/181021_coat3_detail.jpg
[TNGT] 네이비 오버핏 트렌치 코트 TGTR9D701N2,티엔지티,125400,['[사이즈]를 선택하세요.' '095 (SOLD OUT)' '100 (SOLD OUT)' '105']/,h t t p s : / / i m a g e . b r a n d i . m e / c p r o d u c t / 2 0 1 9 / 1 2 / 2 0 / 1 2 6 7 6 9 2 4 _ 1 5 7 6 8 2 1 1 2 5 _ i m a g e 1 _ L . j p g,https://placidwave.hgodo.com/img/ilcorso/tngt_size.jpg https://placidwave.hgodo.com/img/ilcorso/lg_baesong.jpg
[TNGT] 네이비 단색 울캐시미어혼방 코트 TGCO9D205N3,티엔지티,221400,['[사이즈]를 선택하세요.' '095' '100' '105' '110 (SOLD OUT)']/,h t t p s : / / i m a g e . b r a n d i . m e / c p r o d u c t / 2 0 1 9 / 1 2 / 2 0 / 1 2 6 7 6 8 5 6 _ 1 5 7 6 8 2 1 2 3 7 _ i m a g e 1 _ L . j p g,https://placidwave.hgodo.com/img/ilcorso/lg_baesong.jpg
half lapel utility chain long coat black,에스에스와이,148000,['[사이즈]를 선택하세요.' 'M (SOLD OUT)' 'L']/,h t t p s : / / i m a g e . b r a n d i . m e / c p r o d u c t / 2 0 1 8 / 1 2 / 0 4 / 6 3 3 9 5 5 1 _ 1 5 4 3 9 0 0 0 1 0 _ i m a g e 1 _ L . j p g,https://image.brandi.me/cproductdetail/2018/12/04/91967fa574b4e2da33021de3f8433836.jpg https://image.brandi.me/cproductdetail/2018/12/04/601f93a28da53f0a642868e4d77936ed.jpg https://image.brandi.me/cproductdetail/2018/12/04/4515c9da221012648e89048f78f6d5d2.jpg https://image.brandi.me/cproductdetail/2018/12/04/19c53c51421a6fe8c60d0dbd8e5cfbd9.jpg https://image.brandi.me/cproductdetail/2018/12/04/72a21fcf620ea6ddb6bc1335e257a2dc.jpg
[광복절특가] 카네브로스 스컬 야광자수 오버핏 야상,카네브로스,81500,['[컬러]를 선택하세요.' 'Black']/['[사이즈]를 선택하세요.' 'M' 'L'],h t t p s : / / i m a g e . b r a n d i . m e / c p r o d u c t / 2 0 2 0 / 0 8 / 0 4 / 1 8 7 4 4 6 1 3 _ 1 5 9 6 5 3 5 2 7 5 _ i m a g e 1 _ L . j p g,http://gi.esmplus.com/babaro7/CB/today.jpg http://gi.esmplus.com/babaro7/CB/20SS/MAN/SCULL-NIGHT-TRADING_01.jpg http://gi.esmplus.com/babaro7/CB/20SS/MAN/SCULL-NIGHT-TRADING_02.jpg
[TNGT] 블랙 단색 롱코트 TGTR9C102BK,티엔지티,143400,['[사이즈]를 선택하세요.' '095' '100' '105' '110']/,h t t p s : / / i m a g e . b r a n d i . m e / c p r o d u c t / 2 0 1 9 / 1 2 / 2 0 / 1 2 6 7 6 9 4 5 _ 1 5 7 6 8 2 1 1 0 1 _ i m a g e 1 _ L . j p g,https://placidwave.hgodo.com/img/ilcorso/tngt_size.jpg https://placidwave.hgodo.com/img/ilcorso/lg_baesong.jpg
[PLAC] MENS CHECK DOUBLE BREASTED COAT (PWON4CTL99M0C5),플랙,199500,['[SIZE]를 선택하세요.' 'S (SOLD OUT)' 'M (SOLD OUT)' 'L (SOLD OUT)']/,h t t p s : / / i m a g e . b r a n d i . m e / c p r o d u c t / 2 0 1 9 / 1 2 / 1 8 / 1 2 5 2 6 0 4 6 _ 1 5 7 6 6 3 2 1 1 8 _ i m a g e 1 _ L . j p g,https://placidwave.hgodo.com/img/pop/new/renewal(2019)/intro_19fw_de.jpg https://placidwave.hgodo.com/img/detail/coat/PWON4CTL99M0C5.jpg https://placidwave.hgodo.com/img/test/wshd/wsh_wool.jpg https://placidwave.hgodo.com/img/pop/new/new_notice.jpg https://placidwave.hgodo.com/img/pop/new/onmagazines.jpg
BLACK Oversized Robe Coat,단하우스,137600,['[컬러]를 선택하세요.' 'Black']/['[사이즈]를 선택하세요.' 'Free'],h t t p s : / / i m a g e . b r a n d i . m e / c p r o d u c t / 2 0 2 0 / 0 4 / 1 3 / 1 5 4 7 4 0 3 1 _ 1 5 8 6 7 8 6 0 6 9 _ i m a g e 1 _ L . j p g,https://image.brandi.me/cproductdetail/2020/04/13/d4cabae401ef07bfb22feeb786a02514.jpg https://image.brandi.me/cproductdetail/2020/04/13/77a7f49baddb8b570a18399568e12c54.jpg https://image.brandi.me/cproductdetail/2020/04/13/717d44c050575119d9b5c0d1eef8fff2.jpg https://image.brandi.me/cproductdetail/2020/04/13/ae89353c7e3b79293e1fd9bd239a96d5.jpg https://image.brandi.me/cproductdetail/2020/04/13/dc0698e23e90c4723f083a0a973e0526.jpg https://image.brandi.me/cproductdetail/2020/04/13/40d260a5b6aa84d11d9e8ef6d8857f32.jpg
[ILCORSO] 블랙 와이드 더블 롱 코트 IECO9F002BK,일꼬르소,174500,['[사이즈]를 선택하세요.' '095' '100' '105']/,h t t p s : / / i m a g e . b r a n d i . m e / c p r o d u c t / 2 0 1 9 / 1 2 / 2 0 / 1 2 6 7 8 6 4 2 _ 1 5 7 6 8 1 8 9 1 4 _ i m a g e 1 _ L . j p g,https://placidwave.hgodo.com/img/test/JIL/intro_0.jpg
[아페쎄] apc 시티 맥 코트 2가지색상,엘덱스몰,7715000,['[색상]를 선택하세요.' '베이지' '네이비']/['[사이즈]를 선택하세요.' 'S' 'M' 'L' 'XL' 'XXL'],h t t p s : / / i m a g e . b r a n d i . m e / c p r o d u c t / 2 0 2 0 / 0 8 / 1 3 / 1 8 9 1 7 7 5 4 _ 1 5 9 7 2 8 3 7 6 2 _ i m a g e 1 _ L . j p g,https://image.brandi.me/cproductdetail/2020/08/13/bbb563a3ff134fe2856a4e584105b74e.jpg https://image.brandi.me/cproductdetail/2020/08/13/26e6ca1293c05232dafb6c178ecb934e.jpg https://image.brandi.me/cproductdetail/2020/08/13/ae2b364ab02893953269313a06fe81c8.jpg https://image.brandi.me/cproductdetail/2020/08/13/7ae14878107dcb3c431399335be953ec.jpg https://image.brandi.me/cproductdetail/2020/08/13/c5fe307387e744a0656017697b0b815d.jpg https://image.brandi.me/cproductdetail/2020/08/13/af08b07c72089552be6821e6916fc17f.jpg https://image.brandi.me/cproductdetail/2020/08/13/87a697e80538b4a92a2cdf5778e38e25.jpg https://image.brandi.me/cproductdetail/2020/08/13/65dda77ef29211e6b644a908736ede37.jpg https://image.brandi.me/cproductdetail/2020/08/13/8ae2b08e3db649c3ba1811b54f022c55.jpg https://image.brandi.me/cproductdetail/2020/08/13/fdc1096df1c8b4d6452cc25ebe1685c8.jpg https://image.brandi.me/cproductdetail/2020/08/13/33e3bc4309e6b9d6cda50e627f6d7d83.jpg https://image.brandi.me/cproductdetail/2020/08/13/6dce83609dc61aac20dab56dac69db1d.jpg https://image.brandi.me/cproductdetail/2020/08/13/18bee6b30f859a187ffcb9cc433e0e66.jpg https://image.brandi.me/cproductdetail/2020/08/13/38daf0e0c5caed59613f3344136be2e6.jpg
WOOL SOLID COAT_BLACK / TC1CTVW1001,크리스크리스티,77400,['[색상]를 선택하세요.' 'BLACK(06)']/['[사이즈]를 선택하세요.' '095(S)' '100(M)' '105(L)'],h t t p s : / / i m a g e . b r a n d i . m e / c p r o d u c t / 2 0 2 0 / 0 8 / 1 0 / 1 8 8 7 1 1 5 4 _ 1 5 9 7 0 4 8 9 8 6 _ i m a g e 1 _ L . j p g,http://sejungmall.diskn.com/NEW_CC/product/TC1CTVW1001_D.jpg
BASIC HIDDEN COAT_BROWN,에이글로우,107250,['[SIZE]를 선택하세요.' 'M' 'L']/,h t t p s : / / i m a g e . b r a n d i . m e / c p r o d u c t / 2 0 1 9 / 1 1 / 1 8 / 1 1 9 7 4 7 6 2 _ 1 5 7 4 0 5 6 1 3 0 _ i m a g e 1 _ L . j p g,http://agloww85.cafe24.com/web/page01/finish12.jpg
[FLARE] over hidden mac coat (FL-010) - BLACK,플레어업,195640,['[COLOR]를 선택하세요.' 'BLACK']/['[SIZE]를 선택하세요.' '0' '1' '2'],h t t p s : / / i m a g e . b r a n d i . m e / c p r o d u c t / 2 0 1 9 / 1 2 / 1 0 / 1 1 8 4 7 5 0 8 _ 1 5 7 5 9 0 3 9 3 7 _ i m a g e 1 _ L . j p g,https://image.brandi.me/cproductdetail/2019/12/09/14f821011e59a255fa1e3fd87122a41a.jpg https://image.brandi.me/cproductdetail/2019/12/09/7dc315d794d323e438b0c04b69d5580d.jpg https://image.brandi.me/cproductdetail/2019/12/09/8c43b147d20bbd916fe627ed6bfda551.jpg https://image.brandi.me/cproductdetail/2019/12/09/3956506d022db85b441b1d5f8cda12d5.jpg
DETACHABLE HOOD COAT_CHARCOAL GREY / TC1CTVW1002,크리스크리스티,101400,['[색상]를 선택하세요.' 'CHARCOAL GREY(05)']/['[사이즈]를 선택하세요.' '100(M)' '105(L)'],h t t p s : / / i m a g e . b r a n d i . m e / c p r o d u c t / 2 0 2 0 / 0 8 / 1 0 / 1 8 8 7 1 1 6 6 _ 1 5 9 7 0 4 9 0 1 5 _ i m a g e 1 _ L . j p g,http://sejungmall.diskn.com/NEW_CC/product/TC1CTVW1002_D.jpg
[TNGT] 블랙 패턴 면혼방 롱코트 TGTR9A104BK,티엔지티,15300,['[사이즈]를 선택하세요.' '095' '100' '105' '110 (SOLD OUT)']/,h t t p s : / / i m a g e . b r a n d i . m e / c p r o d u c t / 2 0 2 0 / 0 3 / 0 6 / 1 4 3 5 3 2 3 9 _ 1 5 8 3 4 8 2 9 9 9 _ i m a g e 1 _ L . j p g,https://placidwave.hgodo.com/img/ilcorso/tngt_size.jpg https://placidwave.hgodo.com/img/ilcorso/lg_baesong.jpg
[TNGT] 그레이 체크 울혼방 코트 TGTR9D802G2,티엔지티,179400,['[사이즈]를 선택하세요.' '0XS' '00S (SOLD OUT)' '00M' '00L']/,h t t p s : / / i m a g e . b r a n d i . m e / c p r o d u c t / 2 0 1 9 / 1 2 / 2 0 / 1 2 6 7 6 8 4 6 _ 1 5 7 6 8 2 1 2 4 9 _ i m a g e 1 _ L . j p g,https://placidwave.hgodo.com/img/ilcorso/lg_baesong.jpg
[당일발송][CB] 오버 싱글 트렌치코트_BG,카네브로스,126000,['[색상]를 선택하세요.' '베이지']/['[사이즈]를 선택하세요.' '2(M) (SOLD OUT)' '3(L) (SOLD OUT)' '4(XL)'],h t t p s : / / i m a g e . b r a n d i . m e / c p r o d u c t / 2 0 1 8 / 1 2 / 2 0 / 6 6 4 8 8 9 4 _ 1 5 4 5 2 9 2 5 0 4 _ i m a g e 1 _ L . j p g,http://gi.esmplus.com/babaro7/CB/today.jpg http://gi.esmplus.com/babaro7/CB/19FW/MAIN/CB_single_BE1_01.jpg http://gi.esmplus.com/babaro7/CB/19FW/MAIN/CB_single_BE1_02.jpg http://gi.esmplus.com/babaro7/CB/19FW/MAIN/CB_single_BE1_03.jpg http://gi.esmplus.com/babaro7/CB/19FW/MAIN/CB_single_BE1_04.jpg http://gi.esmplus.com/babaro7/CB/19FW/MAIN/CB_single_BE1_05.jpg
미니멀 투웨이 트렌치 코트 베이지,수아레,140000,['[사이즈]를 선택하세요.' 'FREE']/,h t t p s : / / i m a g e . b r a n d i . m e / c p r o d u c t / 2 0 2 0 / 0 8 / 1 8 / 1 8 9 9 5 6 4 0 _ 1 5 9 7 7 3 9 3 3 5 _ i m a g e 1 _ L . j p g,http://suare.diskn.com/1SAkocoplW http://suare.diskn.com/1SB59DF24K http://suare.diskn.com/0SIXxNJ085 http://suare.diskn.com/1SB59DJ00a http://suare.diskn.com/0mvOLzLmFo http://suare.diskn.com/0SIXxNNAjW http://suare.diskn.com/0mvOLzO9x0 http://suare.diskn.com/37JJ8HGcj0 http://suare.diskn.com/2mgSjfIRe8 http://suare.diskn.com/0mvOLzQIcg http://suare.diskn.com/1mnbDEoKyW
[티떠블유엔] 아이바양털 코트 3종 JEOT3252,티떠블유엔,98900,['[색상및사이즈]를 선택하세요.' '검정M' '검정L' '검정XL' '검정2XL' '베이지M' '베이지L' '베이지XL' '베이지2XL' '아이보리M' '아이보리L' '아이보리XL' '아이보리2XL']/,h t t p s : / / i m a g e . b r a n d i . m e / c p r o d u c t / 2 0 1 9 / 1 2 / 3 0 / 1 2 8 8 9 3 8 9 _ 1 5 7 7 6 7 6 2 9 1 _ i m a g e 1 _ L . j p g,http://efairplay.img2.kr/www/2019_/TWN_2019fw_intro.jpg http://efairplay.img2.kr/www/2019_/2019_12/20191217/20191217_twn_aiba_intro_je.jpg http://efairplay.img2.kr/www/2019_/2019_12/20191217/20191217_twn_aiba_model_je_01.jpg http://efairplay.img2.kr/www/2019_/2019_12/20191217/20191217_twn_aiba_model_je_02.jpg http://efairplay.img2.kr/www/2019_/2019_12/20191217/20191217_twn_aiba_model_je_05.jpg http://efairplay.img2.kr/www/2019_/2019_12/20191217/20191217_twn_aiba_model_je_06.jpg http://efairplay.img2.kr/www/2019_/2019_12/20191217/20191217_twn_aiba_model_je_07.jpg http://efairplay.img2.kr/www/2019_/2019_12/20191217/20191217_twn_aiba_model_je_08.jpg http://efairplay.img2.kr/www/2019_/2019_12/20191217/20191217_twn_aiba_model_je_09.jpg http://efairplay.img2.kr/www/2019_/2019_12/20191217/20191217_twn_aiba_model_je_10.jpg http://efairplay.img2.kr/www/2019_/2019_12/20191217/20191217_twn_aiba_model_je_11.jpg http://efairplay.img2.kr/www/2019_/2019_12/20191217/20191217_twn_aiba_model_je_12.jpg http://efairplay.img2.kr/www/2019_/2019_12/20191217/20191217_twn_aiba_model_je_13.jpg http://efairplay.img2.kr/www/2019_/2019_12/20191217/20191217_twn_aiba_model_je_14.jpg http://efairplay.img2.kr/www/2019_/2019_12/20191217/20191217_twn_aiba_model_je_15.jpg http://efairplay.img2.kr/www/2019_/2019_12/20191217/20191217_twn_aiba_model_je_22.jpg http://efairplay.img2.kr/www/2019_/2019_12/20191217/20191217_twn_aiba_model_je_16.jpg http://efairplay.img2.kr/www/2019_/2019_12/20191217/20191217_twn_aiba_model_je_17.jpg http://efairplay.img2.kr/www/2019_/2019_12/20191217/20191217_twn_aiba_model_je_18.jpg http://efairplay.img2.kr/www/2019_/2019_12/20191217/20191217_twn_aiba_model_je_19.jpg http://efairplay.img2.kr/www/2019_/2019_12/20191217/20191217_twn_aiba_model_je_20.jpg http://efairplay.img2.kr/www/2019_/2019_12/20191217/20191217_twn_aiba_model_je_21.jpg http://efairplay.img2.kr/www/2019_/2019_12/20191217/20191217_twn_aiba_spec.jpg http://efairplay.img2.kr/www/2019_/2019_12/20191217/20191217_twn_aiba_detail_ivory_je_01.jpg http://efairplay.img2.kr/www/2019_/2019_12/20191217/20191217_twn_aiba_detail_ivory_je_02.jpg http://efairplay.img2.kr/www/2019_/2019_12/20191217/20191217_twn_aiba_detail_beige_je_01.jpg http://efairplay.img2.kr/www/2019_/2019_12/20191217/20191217_twn_aiba_detail_beige_je_02.jpg http://efairplay.img2.kr/www/2019_/2019_12/20191217/20191217_twn_aiba_detail_bk_je_01.jpg http://efairplay.img2.kr/www/2019_/2019_12/20191217/20191217_twn_aiba_detail_bk_je_02.jpg http://efairplay.img2.kr/www/2019_/2019_12/20191217/20191217_twn_aiba_size.jpg
IMPACT FUR COAT_BLACK,매드마르스,110000,['[size]를 선택하세요.' 'free (SOLD OUT)']/,h t t p s : / / i m a g e . b r a n d i . m e / c p r o d u c t / 2 0 1 9 / 1 2 / 1 2 / 1 2 5 6 0 6 4 2 _ 1 5 7 6 1 4 3 0 2 3 _ i m a g e 1 _ L . j p g,https://image.brandi.me/cproductdetail/2019/12/12/3fde09d76ed4ab0c4c5d0b6ef26e0138.jpg
WOOL SNAP COAT_IVORY,에이글로우,107250,['[SIZE]를 선택하세요.' 'M' 'L']/,h t t p s : / / i m a g e . b r a n d i . m e / c p r o d u c t / 2 0 1 9 / 1 1 / 1 8 / 1 1 9 7 4 5 8 1 _ 1 5 7 4 0 5 5 8 1 1 _ i m a g e 1 _ L . j p g,http://agloww85.cafe24.com/web/page01/finish53.jpg
[FLARE] over double long coat (FL-009) - BLACK,플레어업,195640,['[COLOR]를 선택하세요.' 'BLACK']/['[SIZE]를 선택하세요.' '0' '1' '2'],h t t p s : / / i m a g e . b r a n d i . m e / c p r o d u c t / 2 0 1 9 / 1 2 / 1 0 / 1 1 8 4 9 8 3 5 _ 1 5 7 5 9 0 4 5 8 1 _ i m a g e 1 _ L . j p g,https://image.brandi.me/cproductdetail/2020/01/23/815764139f93929662a929d0914a15c6.jpg https://image.brandi.me/cproductdetail/2020/01/23/e26603ee6d431433cc4931777d48d40a.jpg https://image.brandi.me/cproductdetail/2020/01/23/c1a86c59534f08f08a9edc43479c2dc3.jpg https://image.brandi.me/cproductdetail/2020/01/23/5fd39e4e5cae7cdace0ebf5feb176e15.jpg https://image.brandi.me/cproductdetail/2020/01/23/e9a383fddccd9f82f94c45cf628899c7.jpg https://image.brandi.me/cproductdetail/2020/01/23/d90e6ee954d26509c76f0b8a6567c86e.jpg
밸 패딩 맥코트2 (C1804-CT940_NA),제이반스클래식,83400,['[색상]를 선택하세요.' '네이비계열']/['[사이즈]를 선택하세요.' 'M (SOLD OUT)' 'L (SOLD OUT)'],h t t p s : / / i m a g e . b r a n d i . m e / c p r o d u c t / 2 0 1 9 / 0 8 / 2 2 / 1 0 1 0 9 5 5 4 _ 1 5 6 6 4 6 3 3 4 2 _ i m a g e 1 _ L . j p g,http://jbans.net/classic/top_info.jpg http://jbans.net/classic/classic_top.jpg http://jbans.net/classic/2018/C1804-CT940_NA_01.jpg http://jbans.net/classic/2018/C1804-CT940_NA_02.jpg http://jbans.net/classic/2018/C1804-CT940_NA_03.jpg http://jbans.net/classic/2018/C1804-CT940_NA_04.jpg http://jbans.net/classic/model_size.jpg http://jbans.net/classic/120917_info.jpg
미니멀 히든 맥코트 네이비,수아레,119200,['[사이즈]를 선택하세요.' 'FREE']/,h t t p s : / / i m a g e . b r a n d i . m e / c p r o d u c t / 2 0 2 0 / 0 8 / 2 0 / 1 9 0 4 5 6 2 2 _ 1 5 9 7 9 0 5 3 2 0 _ i m a g e 1 _ L . j p g,http://suare.diskn.com/1SAkocoplW http://suare.diskn.com/0mvSDtaHTA http://suare.diskn.com/0SIbpHbl68 http://suare.diskn.com/1SB917Y9Oe http://suare.diskn.com/1SB917YL4G http://suare.diskn.com/17YIcVZkhs http://suare.diskn.com/17YIcVbqkW http://suare.diskn.com/2mgWbZXbJu http://suare.diskn.com/37JN0BWtpu http://suare.diskn.com/1mnzPjcUli http://suare.diskn.com/1mnzPjckX4 http://suare.diskn.com/1mnbDEoKyW
BUCKLE ROBE WOOL DOUBLE COAT_KHAKI,닉앤니콜,183200,['[SIZE]를 선택하세요.' 'FREE(95~105)']/,h t t p s : / / i m a g e . b r a n d i . m e / c p r o d u c t / 2 0 1 9 / 1 2 / 1 8 / 1 2 6 8 4 8 3 6 _ 1 5 7 6 6 6 0 3 6 8 _ i m a g e 1 _ L . j p g,http://tcloud.hgodo.com/N_M_2019/m1212_top.jpg
[ILCORSO] 베이지 와이드 더블 롱 코트 IECO9F002I2,일꼬르소,174500,['[사이즈]를 선택하세요.' '095' '100' '105']/,h t t p s : / / i m a g e . b r a n d i . m e / c p r o d u c t / 2 0 1 9 / 1 2 / 2 0 / 1 2 6 7 8 6 4 9 _ 1 5 7 6 8 1 8 9 0 8 _ i m a g e 1 _ L . j p g,https://placidwave.hgodo.com/img/test/JIL/intro_0.jpg
[TNGT] 블랙 단색 울캐시미어혼방 코트 TGCO9D201BK,티엔지티,221400,['[사이즈]를 선택하세요.' '095' '100' '105' '110']/,h t t p s : / / i m a g e . b r a n d i . m e / c p r o d u c t / 2 0 1 9 / 1 2 / 2 0 / 1 2 6 7 6 8 3 6 _ 1 5 7 6 8 2 1 2 6 8 _ i m a g e 1 _ L . j p g,https://placidwave.hgodo.com/img/ilcorso/lg_baesong.jpg
[TNGT] 네이비 캐시미어혼방 모던 더블코트 TGCO9D103N2,티엔지티,251400,['[사이즈]를 선택하세요.' '095' '100' '105 (SOLD OUT)' '110']/,h t t p s : / / i m a g e . b r a n d i . m e / c p r o d u c t / 2 0 1 9 / 1 2 / 2 0 / 1 2 6 7 6 8 3 1 _ 1 5 7 6 8 2 1 2 8 0 _ i m a g e 1 _ L . j p g,https://placidwave.hgodo.com/img/ilcorso/lg_baesong.jpg
[TNGT] 인생트렌치 베이지 오버핏 더블 트렌치코트 TGTR0C162I2,티엔지티,215100,['[사이즈]를 선택하세요.' '095' '100' '105' '110']/,h t t p s : / / i m a g e . b r a n d i . m e / c p r o d u c t / 2 0 2 0 / 0 8 / 2 5 / 1 9 1 3 5 9 9 7 _ 1 5 9 8 3 2 3 6 6 7 _ i m a g e 1 _ L . j p g,https://placidwave.hgodo.com/img/test/JIL/intro_0.jpg
미니멀 투웨이 트렌치 코트 블랙,수아레,140000,['[사이즈]를 선택하세요.' 'FREE']/,h t t p s : / / i m a g e . b r a n d i . m e / c p r o d u c t / 2 0 2 0 / 0 8 / 1 8 / 1 8 9 9 5 6 3 2 _ 1 5 9 7 7 3 9 3 2 0 _ i m a g e 1 _ L . j p g,http://suare.diskn.com/1SAkocoplW http://suare.diskn.com/1SB59DF24K http://suare.diskn.com/0SIXxNJ085 http://suare.diskn.com/1SB59DJ00a http://suare.diskn.com/0mvOLzLmFo http://suare.diskn.com/0SIXxNNAjW http://suare.diskn.com/0mvOLzO9x0 http://suare.diskn.com/37JJ8HGcj0 http://suare.diskn.com/2mgSjfIRe8 http://suare.diskn.com/0mvOLzQIcg http://suare.diskn.com/1mnbDEoKyW
[엠에스지엠] 2740MC04X 98 더블 버튼 울코드,까르피,585000,['[GRAY]를 선택하세요.' '50']/,h t t p s : / / i m a g e . b r a n d i . m e / c p r o d u c t / 2 0 2 0 / 0 3 / 2 7 / 1 4 9 6 2 7 4 8 _ 1 5 8 5 2 8 7 8 7 0 _ i m a g e 1 _ L . j p g,https://image.brandi.me/cproductdetail/2020/03/27/1422c04c00d37de35828c6c1123f16ac.jpg
[PLAC]MEN`S BELTED LOOSE COAT (PWOG4CTL02M0B7),플랙,139500,['[SIZE]를 선택하세요.' 'S' 'M' 'L']/,h t t p s : / / i m a g e . b r a n d i . m e / c p r o d u c t / 2 0 2 0 / 0 2 / 1 9 / 1 3 9 2 8 8 1 3 _ 1 5 8 2 0 9 4 9 5 7 _ i m a g e 1 _ L . j p g,https://placidwave.hgodo.com/img/pop/new/notice8.jpg
[TNGT] 인생트렌치 카키 오버핏 더블 트렌치코트 TGTR0C162K2,티엔지티,215100,['[사이즈]를 선택하세요.' '095' '100' '105' '110']/,h t t p s : / / i m a g e . b r a n d i . m e / c p r o d u c t / 2 0 2 0 / 0 8 / 2 5 / 1 9 1 3 5 9 8 9 _ 1 5 9 8 3 2 3 6 7 4 _ i m a g e 1 _ L . j p g,https://placidwave.hgodo.com/img/test/JIL/intro_0.jpg
[TNGT] 인생트렌치 네이비 오버핏 더블 트렌치코트 TGTR0C162N3,티엔지티,215100,['[사이즈]를 선택하세요.' '095' '100' '105' '110']/,h t t p s : / / i m a g e . b r a n d i . m e / c p r o d u c t / 2 0 2 0 / 0 8 / 2 5 / 1 9 1 3 5 9 8 4 _ 1 5 9 8 3 2 3 6 8 2 _ i m a g e 1 _ L . j p g,https://placidwave.hgodo.com/img/test/JIL/intro_0.jpg
미니멀 히든 맥코트 블랙,수아레,119200,['[사이즈]를 선택하세요.' 'FREE']/,h t t p s : / / i m a g e . b r a n d i . m e / c p r o d u c t / 2 0 2 0 / 0 8 / 2 0 / 1 9 0 4 5 6 2 4 _ 1 5 9 7 9 0 5 3 2 6 _ i m a g e 1 _ L . j p g,http://suare.diskn.com/1SAkocoplW http://suare.diskn.com/0mvSDtaHTA http://suare.diskn.com/0SIbpHbl68 http://suare.diskn.com/1SB917Y9Oe http://suare.diskn.com/1SB917YL4G http://suare.diskn.com/17YIcVZkhs http://suare.diskn.com/17YIcVbqkW http://suare.diskn.com/2mgWbZXbJu http://suare.diskn.com/37JN0BWtpu http://suare.diskn.com/1mnzPjcUli http://suare.diskn.com/1mnzPjckX4 http://suare.diskn.com/1mnbDEoKyW
DETACHABLE HOOD COAT_BLACK / TC1CTVW1002,크리스크리스티,101400,['[색상]를 선택하세요.' 'BLACK(06)']/['[사이즈]를 선택하세요.' '100(M)' '105(L)'],h t t p s : / / i m a g e . b r a n d i . m e / c p r o d u c t / 2 0 2 0 / 0 8 / 1 0 / 1 8 8 7 1 1 6 9 _ 1 5 9 7 0 4 9 0 4 3 _ i m a g e 1 _ L . j p g,http://sejungmall.diskn.com/NEW_CC/product/TC1CTVW1002_D.jpg
블랙 디테처블 카라 오버핏 트렌치 코트 TGTR0B701BK,티엔지티,142450,['[사이즈]를 선택하세요.' '095' '100' '105' '110 (SOLD OUT)']/,h t t p s : / / i m a g e . b r a n d i . m e / c p r o d u c t / 2 0 2 0 / 0 2 / 1 2 / 1 3 7 4 1 5 3 4 _ 1 5 8 1 4 8 4 0 9 5 _ i m a g e 1 _ L . j p g,https://placidwave.hgodo.com/img/test/JIL/intro_0.jpg
베이지 디테처블 카라 오버핏 트렌치 코트 TGTR0B701I2,티엔지티,142450,['[사이즈]를 선택하세요.' '095' '100' '105' '110 (SOLD OUT)']/,h t t p s : / / i m a g e . b r a n d i . m e / c p r o d u c t / 2 0 2 0 / 0 2 / 1 2 / 1 3 7 4 1 5 2 9 _ 1 5 8 1 4 8 4 0 8 9 _ i m a g e 1 _ L . j p g,https://placidwave.hgodo.com/img/test/JIL/intro_0.jpg
[ILCORSO] 블랙 솔리드 롱 더플코트 IECO9F004BK,일꼬르소,202950,['[사이즈]를 선택하세요.' '095' '100' '105']/,h t t p s : / / i m a g e . b r a n d i . m e / c p r o d u c t / 2 0 1 9 / 1 2 / 2 0 / 1 2 6 7 8 6 5 7 _ 1 5 7 6 8 1 8 8 5 8 _ i m a g e 1 _ L . j p g,https://placidwave.hgodo.com/img/ilcorso/lg_baesong.jpg
[ILCORSO] 블랙 캐시미어 시어링카라 코트 IECO9F005BK,일꼬르소,274500,['[사이즈]를 선택하세요.' '095' '100' '105']/,h t t p s : / / i m a g e . b r a n d i . m e / c p r o d u c t / 2 0 1 9 / 1 2 / 2 0 / 1 2 6 7 8 6 5 3 _ 1 5 7 6 8 1 8 8 8 1 _ i m a g e 1 _ L . j p g,https://placidwave.hgodo.com/img/test/JIL/intro_0.jpg
TAILOR ROBE WOOL COAT_NAVY,코우코우,186000,['[SIZE]를 선택하세요.' 'M(95~100)' 'L(103~105)']/,h t t p s : / / i m a g e . b r a n d i . m e / c p r o d u c t / 2 0 1 9 / 1 2 / 1 3 / 1 2 5 7 6 8 2 0 _ 1 5 7 6 2 1 6 8 1 9 _ i m a g e 1 _ L . j p g,http://tcloud.hgodo.com/C_M_2019/cm_1211_top.jpg
미니멀 투웨이 트렌치 코트 보스턴카키,수아레,140000,['[사이즈]를 선택하세요.' 'FREE']/,h t t p s : / / i m a g e . b r a n d i . m e / c p r o d u c t / 2 0 2 0 / 0 8 / 1 8 / 1 8 9 9 5 6 3 8 _ 1 5 9 7 7 3 9 3 2 8 _ i m a g e 1 _ L . j p g,http://suare.diskn.com/1SAkocoplW http://suare.diskn.com/1SB59DF24K http://suare.diskn.com/0SIXxNJ085 http://suare.diskn.com/1SB59DJ00a http://suare.diskn.com/0mvOLzLmFo http://suare.diskn.com/0SIXxNNAjW http://suare.diskn.com/0mvOLzO9x0 http://suare.diskn.com/37JJ8HGcj0 http://suare.diskn.com/2mgSjfIRe8 http://suare.diskn.com/0mvOLzQIcg http://suare.diskn.com/1mnbDEoKyW
가제트 다운 코트 COM-2_NAVY / MOBEHVWB121,웰메이드컴,142200,['[색상]를 선택하세요.' 'NAVY(56)']/['[사이즈]를 선택하세요.' '100' '105'],h t t p s : / / i m a g e . b r a n d i . m e / c p r o d u c t / 2 0 2 0 / 0 8 / 1 0 / 1 8 8 7 2 6 7 1 _ 1 5 9 7 0 5 3 0 9 4 _ i m a g e 1 _ L . j p g,http://sejungmall.diskn.com/WELLMADE%20COM/common_1.jpg http://sejungmall.diskn.com/WELLMADE%20COM/product/MOBEHVWB121_D.jpg http://sejungmall.diskn.com/k_delivery2.jpg
가제트 맥코트_GREY / MOBEHWY3111,웰메이드컴,107400,['[색상]를 선택하세요.' 'GREY(04)']/['[사이즈]를 선택하세요.' '100' '105' '110'],h t t p s : / / i m a g e . b r a n d i . m e / c p r o d u c t / 2 0 2 0 / 0 8 / 1 0 / 1 8 8 7 2 4 3 9 _ 1 5 9 7 0 5 2 2 2 0 _ i m a g e 1 _ L . j p g,http://sejungmall.diskn.com/WELLMADE%20COM/common_1.jpg http://sejungmall.diskn.com/WELLMADE%20COM/product/MOBEHWY311104_D.jpg http://sejungmall.diskn.com/k_delivery2.jpg
DARK NAVY Oversized Robe Coat,단하우스,137600,['[컬러]를 선택하세요.' 'Navy']/['[사이즈]를 선택하세요.' 'Free'],h t t p s : / / i m a g e . b r a n d i . m e / c p r o d u c t / 2 0 2 0 / 0 4 / 2 9 / 1 5 4 7 4 2 2 8 _ 1 5 8 8 0 9 7 2 3 0 _ i m a g e 1 _ L . j p g,https://image.brandi.me/cproductdetail/2020/04/13/c7b6be5a50932ac97dcb05744a02e2b8.jpg https://image.brandi.me/cproductdetail/2020/04/13/51f27cbae36ecfb2c816174a286beefe.jpg https://image.brandi.me/cproductdetail/2020/04/13/2b0783be06e990e882148bb6b99bdfd9.jpg https://image.brandi.me/cproductdetail/2020/04/13/82f8215d40fe22bc001fdf73298d17ae.jpg https://image.brandi.me/cproductdetail/2020/04/13/b451c9a7f184a0dac4811e5e582ae95d.jpg https://image.brandi.me/cproductdetail/2020/04/13/5b92c0e46f2e4f3941d939c09f61165b.jpg
MODS COAT MEN [CHARCOAL GRAY],커렌트,89000,['[컬러]를 선택하세요.' 'Gray']/['[사이즈]를 선택하세요.' 'L' 'M'],h t t p s : / / i m a g e . b r a n d i . m e / c p r o d u c t / 2 0 2 0 / 0 3 / 3 1 / 1 5 0 7 0 2 3 2 _ 1 5 8 5 6 3 4 3 2 1 _ i m a g e 1 _ L . j p g,https://image.brandi.me/cproductdetail/2020/03/31/72343efb95daecb29a1a57ced02884aa.jpg
[엠에스지엠] 2740MC08X 89 자수로고 울코트,까르피,585000,['[NAVY]를 선택하세요.' '46' '48']/,h t t p s : / / i m a g e . b r a n d i . m e / c p r o d u c t / 2 0 2 0 / 0 4 / 1 4 / 1 4 9 6 2 8 6 0 _ 1 5 8 6 8 5 0 4 2 0 _ i m a g e 1 _ L . j p g,https://image.brandi.me/cproductdetail/2020/03/27/2987d2bcab72d4fab1f75ead09449e56.jpg
High Quality Overfit Long Trench Coat (Beige),효지노리코,157500,['[색상]를 선택하세요.' '베이지']/['[사이즈]를 선택하세요.' '46(M)' '48(L)' 'FREE (SOLD OUT)'],h t t p s : / / i m a g e . b r a n d i . m e / c p r o d u c t / 2 0 2 0 / 0 3 / 0 6 / 1 3 5 6 2 3 9 6 _ 1 5 8 3 4 8 9 2 2 9 _ i m a g e 1 _ L . j p g,http://hyoji.mireene.kr/190121_coat2(3).jpg http://hyoji.mireene.kr/180919_coat22_main.jpg http://hyoji.mireene.kr/180919_coat22_detail.jpg http://hyoji.mireene.kr/180919_coat22_celeb.jpg
[제멋] 텐더 오버핏 울코트 블랙 HSCT2230,제멋,120000,['[색상및사이즈]를 선택하세요.' '블랙M' '블랙L' '블랙XL (SOLD OUT)']/,h t t p s : / / i m a g e . b r a n d i . m e / c p r o d u c t / 2 0 1 9 / 1 2 / 3 0 / 1 2 8 9 3 8 0 1 _ 1 5 7 7 6 9 1 3 1 0 _ i m a g e 1 _ L . j p g,http://efairplay.img2.kr/jemut/2019/fmj_intro.jpg http://efairplay.img2.kr/jemut/2019/2019FW/HJCT2230/HJCT2230_title_sn.jpg http://efairplay.img2.kr/jemut/2019/2019FW/HJCT2230/HJCT2230_color_sn.jpg http://efairplay.img2.kr/jemut/2019/2019FW/HJCT2230/HJCT2230_mid_kj.jpg http://efairplay.img2.kr/jemut/2019/2019FW/HJCT2230/HJCT2230_model_sn_01.jpg http://efairplay.img2.kr/jemut/2019/2019FW/HJCT2230/HJCT2230_model_sn_02.jpg http://efairplay.img2.kr/jemut/2019/2019FW/HJCT2230/HJCT2230_model_sn_03.jpg http://efairplay.img2.kr/jemut/2019/2019FW/HJCT2230/HJCT2230_model_sn_04.jpg http://efairplay.img2.kr/jemut/2019/2019FW/HJCT2230/HJCT2230_model_sn_05.jpg http://efairplay.img2.kr/jemut/2019/2019FW/HJCT2230/HJCT2230_model_sn_06.jpg http://efairplay.img2.kr/jemut/2019/2019FW/HJCT2230/HJCT2230_model_sn_07.jpg http://efairplay.img2.kr/jemut/2019/2019FW/HJCT2230/HJCT2230_model_sn_08.jpg http://efairplay.img2.kr/jemut/2019/2019FW/HJCT2230/HJCT2230_model_sn_09.jpg http://efairplay.img2.kr/jemut/2019/2019FW/HJCT2230/HJCT2230_model_sn_10.jpg http://efairplay.img2.kr/jemut/2019/2019FW/HJCT2230/HJCT2230_model_sn_11.jpg http://efairplay.img2.kr/jemut/2019/2019FW/HJCT2230/HJCT2230_model_sn_12.jpg http://efairplay.img2.kr/jemut/2019/2019FW/HJCT2230/HJCT2230_model_sn_13.jpg http://efairplay.img2.kr/jemut/2019/2019FW/HJCT2230/HJCT2230_model_sn_14.jpg http://efairplay.img2.kr/jemut/2019/2019FW/HJCT2230/HJCT2230_model_sn_15.jpg http://efairplay.img2.kr/jemut/2019/2019FW/HJCT2230/HJCT2230_model_sn_16.jpg http://efairplay.img2.kr/jemut/2019/2019FW/HJCT2230/HJCT2230_black_sn.jpg http://efairplay.img2.kr/jemut/2019/2019FW/HJCT2230/HJCT2230_model_info_sn.jpg http://efairplay.img2.kr/jemut/2019/2019FW/HJCT2230/HJCT2230_size_kj.jpg
[TNGT] 그레이 체크 패턴 울혼방 더블 롱코트 TGCO9D704G2,티엔지티,174500,['[사이즈]를 선택하세요.' '095' '100' '105']/,h t t p s : / / i m a g e . b r a n d i . m e / c p r o d u c t / 2 0 1 9 / 1 2 / 2 0 / 1 2 6 7 6 9 1 2 _ 1 5 7 6 8 2 1 1 4 2 _ i m a g e 1 _ L . j p g,https://placidwave.hgodo.com/img/ilcorso/tngt_size.jpg https://placidwave.hgodo.com/img/ilcorso/lg_baesong.jpg
컬러블록 벨티드 오버사이즈 코트 베이지 스카이블루,와이케이,175200,['[SIZE]를 선택하세요.' '1' '2']/,h t t p s : / / i m a g e . b r a n d i . m e / c p r o d u c t / 2 0 1 9 / 1 0 / 2 4 / 1 1 3 9 0 3 4 1 _ 1 5 7 1 9 0 9 3 4 2 _ i m a g e 1 _ L . j p g,http://openhost.ykstudios8789.cafe24.com/web/md/2019/19fw_2/sangse/8.jpg
[FLARE] over trench coat (FL-012) - BEIGE,플레어업,148180,['[COLOR]를 선택하세요.' 'BEIGE']/['[SIZE]를 선택하세요.' '0' '1' '2'],h t t p s : / / i m a g e . b r a n d i . m e / c p r o d u c t / 2 0 2 0 / 0 2 / 1 8 / 1 1 3 7 1 7 5 7 _ 1 5 8 1 9 7 1 7 7 3 _ i m a g e 1 _ L . j p g,https://image.brandi.me/cproductdetail/2020/02/18/62d97859b040dcac651a4048bc0757e4.jpg https://image.brandi.me/cproductdetail/2020/02/18/bd49753dc3d5db2a5004345c468a1441.jpg https://image.brandi.me/cproductdetail/2020/02/18/289693a50fac265958ff1518e54274d3.jpg https://image.brandi.me/cproductdetail/2020/02/18/c6e47b7e52ce982ac934201523f8373f.jpg https://image.brandi.me/cproductdetail/2020/02/18/492986f8ac2fb0b7d5a4c9321085e7e6.jpg
미니멀 히든 맥코트 그레이베이지,수아레,119200,['[사이즈]를 선택하세요.' 'FREE']/,h t t p s : / / i m a g e . b r a n d i . m e / c p r o d u c t / 2 0 2 0 / 0 8 / 2 0 / 1 9 0 4 5 6 2 0 _ 1 5 9 7 9 0 5 3 1 3 _ i m a g e 1 _ L . j p g,http://suare.diskn.com/1SAkocoplW http://suare.diskn.com/0mvSDtaHTA http://suare.diskn.com/0SIbpHbl68 http://suare.diskn.com/1SB917Y9Oe http://suare.diskn.com/1SB917YL4G http://suare.diskn.com/17YIcVZkhs http://suare.diskn.com/17YIcVbqkW http://suare.diskn.com/2mgWbZXbJu http://suare.diskn.com/37JN0BWtpu http://suare.diskn.com/1mnzPjcUli http://suare.diskn.com/1mnzPjckX4 http://suare.diskn.com/1mnbDEoKyW
LONG DOWN COAT_BLACK / TC1DWVW1002,크리스크리스티,98400,['[색상]를 선택하세요.' 'BLACK(06)']/['[사이즈]를 선택하세요.' '095(S)' '100(M)' '105(L)'],h t t p s : / / i m a g e . b r a n d i . m e / c p r o d u c t / 2 0 2 0 / 0 8 / 1 0 / 1 8 8 7 1 2 0 3 _ 1 5 9 7 0 4 9 0 9 8 _ i m a g e 1 _ L . j p g,http://sejungmall.diskn.com/NEW_CC/product/TC1DWVW1002_D.jpg
베이직코트 WHJ100539_OL,코너스,60840,['[색상]를 선택하세요.' 'OLIVE_OL']/['[사이즈]를 선택하세요.' 'XS' 'S' 'M' 'L' 'XL'],h t t p s : / / i m a g e . b r a n d i . m e / c p r o d u c t / 2 0 2 0 / 0 6 / 2 5 / 1 7 7 1 9 7 7 6 _ 1 5 9 3 0 6 2 5 6 6 _ i m a g e 1 _ L . j p g,http://ai.esmplus.com/robink7200/konus/15%20SPRING/WHJ100539_OL/DETAIL/DETAIL1.jpg
[엠에스지엠] 2740MC04X 24 더블 버튼 울코트,까르피,585000,['[CAMEL]를 선택하세요.' '46' '48 (SOLD OUT)']/,h t t p s : / / i m a g e . b r a n d i . m e / c p r o d u c t / 2 0 2 0 / 0 3 / 2 7 / 1 4 9 6 2 7 1 7 _ 1 5 8 5 2 8 7 7 5 1 _ i m a g e 1 _ L . j p g,https://image.brandi.me/cproductdetail/2020/03/27/d370a747ec2bf138e6446e6f6a296c3a.jpg
FORMANT LONG DOUBLE COAT_BLACK,코우코우,83300,['[SIZE]를 선택하세요.' 'FREE(95~105)']/,h t t p s : / / i m a g e . b r a n d i . m e / c p r o d u c t / 2 0 2 0 / 0 3 / 2 4 / 1 4 8 5 2 4 0 6 _ 1 5 8 5 0 2 5 2 8 4 _ i m a g e 1 _ L . j p g,http://tcloud.hgodo.com/C_M_2020/cm0313_top.jpg
나이키 스포츠웨어 합성 필 파카 BV4695-010,비타민스포츠,185490,['[BV4695-010]를 선택하세요.' '095' '100' '105']/,h t t p s : / / i m a g e . b r a n d i . m e / c p r o d u c t / 2 0 2 0 / 0 3 / 0 5 / 1 4 3 0 6 2 4 8 _ 1 5 8 3 3 8 9 9 8 0 _ i m a g e 1 _ L . j p g,http://www.vsmall.kr/aimg/2019/nk2019/BV4695010.jpg
High Quality Overfit Long Trench Coat (Khaki),효지노리코,157500,['[색상]를 선택하세요.' '카키' '카키브라운' '베이지' '블랙' '브라운']/['[사이즈]를 선택하세요.' '46(M)' '48(L)' 'FREE (SOLD OUT)'],h t t p s : / / i m a g e . b r a n d i . m e / c p r o d u c t / 2 0 2 0 / 0 3 / 0 6 / 1 3 5 6 2 4 2 0 _ 1 5 8 3 4 8 9 3 4 9 _ i m a g e 1 _ L . j p g,http://hyoji.mireene.kr/190226_coat5.jpg http://hyoji.mireene.kr/180919_coat22.jpg http://hyoji.mireene.kr/180919_coat22_main.jpg http://hyoji.mireene.kr/180919_coat22_detail.jpg http://hyoji.mireene.kr/180919_coat22_celeb.jpg
High Quality Overfit Long Trench Coat (Black),효지노리코,157500,['[색상]를 선택하세요.' '블랙']/['[사이즈]를 선택하세요.' '46(M)' '48(L)' 'FREE (SOLD OUT)'],h t t p s : / / i m a g e . b r a n d i . m e / c p r o d u c t / 2 0 2 0 / 0 3 / 0 6 / 1 3 5 6 2 4 0 0 _ 1 5 8 3 4 8 9 2 9 4 _ i m a g e 1 _ L . j p g,http://hyoji.mireene.kr/190226_coat4.jpg http://hyoji.mireene.kr/190121_coat2(2).jpg http://hyoji.mireene.kr/180919_coat22_main.jpg http://hyoji.mireene.kr/180919_coat22_detail.jpg http://hyoji.mireene.kr/180919_coat22_celeb.jpg
[SF9주호착용] 네이비 히든 벨티드 롱 트렌치 코트 IECO0E001N3,일꼬르소,164250,['[사이즈]를 선택하세요.' '095 (SOLD OUT)' '100' '105']/,h t t p s : / / i m a g e . b r a n d i . m e / c p r o d u c t / 2 0 2 0 / 0 2 / 0 4 / 1 3 5 2 9 7 0 6 _ 1 5 8 0 7 8 9 6 0 4 _ i m a g e 1 _ L . j p g,https://placidwave.hgodo.com/img/test/JIL/intro_0.jpg
MILANO OVER-FIT TRENCH COAT (BEIGE),라모드치프,88960,['[SIZE]를 선택하세요.' '1 SIZE' '2 SIZE']/,h t t p s : / / i m a g e . b r a n d i . m e / c p r o d u c t / 2 0 2 0 / 0 1 / 1 9 / 1 3 1 8 9 8 4 1 _ 1 5 7 9 4 1 8 1 8 5 _ i m a g e 1 _ L . j p g,http://openhost.sfnc2012.cafe24.com/web/upload/0_notice/title/top.jpg http://openhost.sfnc2012.cafe24.com/web/upload/00/la002/la00212/la00212_00.jpg http://openhost.sfnc2012.cafe24.com/web/upload/00/la002/la00212/la00212_modelsize.jpg http://openhost.sfnc2012.cafe24.com/web/upload/00/la002/la00212/la00212_01.jpg http://openhost.sfnc2012.cafe24.com/web/upload/00/la002/la00212/la00212_02.jpg http://openhost.sfnc2012.cafe24.com/web/upload/00/la002/la00212/la00212_03.jpg http://openhost.sfnc2012.cafe24.com/web/upload/00/la002/la00212/la00212_04.jpg http://openhost.sfnc2012.cafe24.com/web/upload/00/la002/la00212/la00212_05.jpg http://openhost.sfnc2012.cafe24.com/web/upload/00/la002/la00212/la00212_06.jpg
[티떠블유엔] 포모양털 코트 2종 LMOT3258,티떠블유엔,98900,['[색상및사이즈]를 선택하세요.' '검정M' '검정L' '검정XL' '검정2XL' '아이보리M (SOLD OUT)' '아이보리L (SOLD OUT)' '아이보리XL (SOLD OUT)' '아이보리2XL']/,h t t p s : / / i m a g e . b r a n d i . m e / c p r o d u c t / 2 0 1 9 / 1 2 / 3 0 / 1 2 8 8 9 4 7 5 _ 1 5 7 7 6 7 6 9 1 9 _ i m a g e 1 _ L . j p g,http://efairplay.img2.kr/www/2019_/TWN_2019fw_intro.jpg http://efairplay.img2.kr/www/2019_/2019_12/20191217/20191217_twn_fomo_intro_lm.jpg http://efairplay.img2.kr/www/2019_/2019_12/20191217/20191217_twn_fomo_model_lm_14.jpg http://efairplay.img2.kr/www/2019_/2019_12/20191217/20191217_twn_fomo_model_lm_17.jpg http://efairplay.img2.kr/www/2019_/2019_12/20191217/20191217_twn_fomo_model_lm_16.jpg http://efairplay.img2.kr/www/2019_/2019_12/20191217/20191217_twn_fomo_model_lm_18.jpg http://efairplay.img2.kr/www/2019_/2019_12/20191217/20191217_twn_fomo_model_lm_19.jpg http://efairplay.img2.kr/www/2019_/2019_12/20191217/20191217_twn_fomo_model_lm_23.jpg http://efairplay.img2.kr/www/2019_/2019_12/20191217/20191217_twn_fomo_model_lm_22.jpg http://efairplay.img2.kr/www/2019_/2019_12/20191217/20191217_twn_fomo_model_lm_13.jpg http://efairplay.img2.kr/www/2019_/2019_12/20191217/20191217_twn_fomo_model_lm_01.jpg http://efairplay.img2.kr/www/2019_/2019_12/20191217/20191217_twn_fomo_model_lm_04.jpg http://efairplay.img2.kr/www/2019_/2019_12/20191217/20191217_twn_fomo_model_lm_05.jpg http://efairplay.img2.kr/www/2019_/2019_12/20191217/20191217_twn_fomo_model_lm_09.jpg http://efairplay.img2.kr/www/2019_/2019_12/20191217/20191217_twn_fomo_model_lm_06.jpg http://efairplay.img2.kr/www/2019_/2019_12/20191217/20191217_twn_fomo_model_lm_07.jpg http://efairplay.img2.kr/www/2019_/2019_12/20191217/20191217_twn_fomo_model_lm_08.jpg http://efairplay.img2.kr/www/2019_/2019_12/20191217/20191217_twn_fomo_model_lm_10.jpg http://efairplay.img2.kr/www/2019_/2019_12/20191217/20191217_twn_fomo_model_lm_11.jpg http://efairplay.img2.kr/www/2019_/2019_12/20191217/20191217_twn_fomo_model_lm_12.jpg http://efairplay.img2.kr/www/2019_/2019_12/20191217/20191217_twn_fomo_model_lm_24.jpg http://efairplay.img2.kr/www/2019_/2019_12/20191217/20191217_twn_fomo_spec.jpg http://efairplay.img2.kr/www/2019_/2019_12/20191217/20191217_twn_fomo_detail_ivory_lm_01.jpg http://efairplay.img2.kr/www/2019_/2019_12/20191217/20191217_twn_fomo_detail_ivory_lm_02.jpg http://efairplay.img2.kr/www/2019_/2019_12/20191217/20191217_twn_fomo_detail_bk_lm_01.jpg http://efairplay.img2.kr/www/2019_/2019_12/20191217/20191217_twn_fomo_detail_bk_lm_02.jpg http://efairplay.img2.kr/www/2019_/2019_12/20191217/20191217_twn_fomo_size.jpg
[ILCORSO] 블랙 구스다운 싱글 롱 코트 IECO9F001BK,일꼬르소,119500,['[사이즈]를 선택하세요.' '095 (SOLD OUT)' '100 (SOLD OUT)' '105']/,h t t p s : / / i m a g e . b r a n d i . m e / c p r o d u c t / 2 0 1 9 / 1 2 / 2 0 / 1 2 6 7 8 6 6 1 _ 1 5 7 6 8 1 8 8 4 6 _ i m a g e 1 _ L . j p g,https://placidwave.hgodo.com/img/ilcorso/lg_baesong.jpg
[TNGT] 네이비 히든버튼 면혼방 코트 TGTR9C101N2,티엔지티,131400,['[사이즈]를 선택하세요.' '095' '100' '105' '110']/,h t t p s : / / i m a g e . b r a n d i . m e / c p r o d u c t / 2 0 1 9 / 1 2 / 2 0 / 1 2 6 7 6 9 3 7 _ 1 5 7 6 8 2 1 1 0 6 _ i m a g e 1 _ L . j p g,https://placidwave.hgodo.com/img/ilcorso/tngt_size.jpg https://placidwave.hgodo.com/img/ilcorso/lg_baesong.jpg
[TNGT] 그레이 오버핏 핸드메이드 리버시블 코트 TGCO9D702G2,티엔지티,215400,['[사이즈]를 선택하세요.' '095' '100' '105']/,h t t p s : / / i m a g e . b r a n d i . m e / c p r o d u c t / 2 0 1 9 / 1 2 / 2 0 / 1 2 6 7 6 9 3 2 _ 1 5 7 6 8 2 1 1 1 2 _ i m a g e 1 _ L . j p g,https://placidwave.hgodo.com/img/ilcorso/tngt_size.jpg https://placidwave.hgodo.com/img/ilcorso/lg_baesong.jpg
[TNGT] 네이비 체크 패턴 울혼방 더블 롱코트 TGCO9D704N2,티엔지티,174500,['[사이즈]를 선택하세요.' '095' '100' '105']/,h t t p s : / / i m a g e . b r a n d i . m e / c p r o d u c t / 2 0 1 9 / 1 2 / 2 0 / 1 2 6 7 6 9 1 6 _ 1 5 7 6 8 2 1 1 3 7 _ i m a g e 1 _ L . j p g,https://placidwave.hgodo.com/img/ilcorso/tngt_size.jpg https://placidwave.hgodo.com/img/ilcorso/lg_baesong.jpg
WOOL OVERSIZE DOUBLE COAT_BEIGE,로에일,100500,['[SIZE]를 선택하세요.' 'M' 'L']/,h t t p s : / / i m a g e . b r a n d i . m e / c p r o d u c t / 2 0 1 9 / 1 1 / 0 5 / 1 1 6 6 6 6 1 0 _ 1 5 7 2 9 3 9 0 0 3 _ i m a g e 1 _ L . j p g,http://wardenclassic.cafe24.com/L_M_1000/m1021_5_1.jpg
CASHMERE SINGLE COAT MEN [CHARCOAL GRAY],커렌트,134000,['[컬러]를 선택하세요.' 'Charcoal']/['[사이즈]를 선택하세요.' 'L (SOLD OUT)' 'M'],h t t p s : / / i m a g e . b r a n d i . m e / c p r o d u c t / 2 0 2 0 / 0 7 / 2 0 / 1 0 8 7 5 0 4 9 _ 1 5 9 5 2 1 8 3 7 0 _ i m a g e 1 _ L . j p g,https://image.brandi.me/cproductdetail/2020/07/20/3ee7fd30970f129da8b0b64793fbea1a.jpg
[B.A.P대현 착용]울 체크 숏코트 베이지,와이케이,158400,['[SIZE]를 선택하세요.' '1' '2']/,h t t p s : / / i m a g e . b r a n d i . m e / c p r o d u c t / 2 0 1 9 / 0 9 / 2 3 / 1 0 7 3 0 7 0 7 _ 1 5 6 9 2 3 3 7 7 0 _ i m a g e 1 _ L . j p g,http://openhost.ykstudios8789.cafe24.com/web/md/sl/2020/02/bapdh2.jpg http://openhost.ykstudios8789.cafe24.com/web/md/2019/19fw/sangse/02.jpg
OVER STRAP DOUBLE COAT_CREAM,딘스,152100,['[SIZE]를 선택하세요.' 'FREE(95~105)']/,h t t p s : / / i m a g e . b r a n d i . m e / c p r o d u c t / 2 0 1 9 / 0 4 / 2 9 / 8 3 5 7 1 1 6 _ 1 5 5 6 5 0 4 7 4 0 _ i m a g e 1 _ L . j p g,http://teamcsp.hgodo.com/D_M_2019/DM_0424_1_1.jpg
[당일발송]캠패인 롱 레인 코트 MSZCT002-BK,매스노운,104300,['[SIZE]를 선택하세요.' 'M' 'L']/,h t t p s : / / i m a g e . b r a n d i . m e / c p r o d u c t / 2 0 2 0 / 0 3 / 2 5 / 1 4 9 0 8 4 3 3 _ 1 5 8 5 1 3 3 0 3 2 _ i m a g e 1 _ L . j p g,http://massnoun.cafe24.com/massnoun/2020/spring/1000x1500/MSZCT002/MSZCT002-BK-01.jpg http://massnoun.cafe24.com/massnoun/2020/spring/1000x1500/MSZCT002/MSZCT002-BK-02.jpg http://massnoun.cafe24.com/massnoun/2020/spring/1000x1500/MSZCT002/MSZCT002-BK-03.jpg http://massnoun.cafe24.com/massnoun/2020/spring/1000x1500/MSZCT002/MSZCT002-BK-04.jpg http://massnoun.cafe24.com/massnoun/2020/spring/1000x1500/MSZCT002/MSZCT002-BK-05.jpg http://massnoun.cafe24.com/massnoun/2020/spring/1000x1500/MSZCT002/MSZCT002-BK-06.jpg http://massnoun.cafe24.com/massnoun/2020/spring/1000x1500/MSZCT002/MSZCT002-BK-07.jpg http://massnoun.cafe24.com/massnoun/2020/spring/1000x1500/MSZCT002/MSZCT002-BK-08.jpg http://massnoun.cafe24.com/massnoun/2020/spring/1000x1500/MSZCT002/MSZCT002-BK-09.jpg http://massnoun.cafe24.com/massnoun/2020/spring/1000x1500/MSZCT002/MSZCT002-BK-10.jpg http://massnoun.cafe24.com/massnoun/2020/spring/1000x1500/MSZCT002/MSZCT002-BK-11.jpg http://massnoun.cafe24.com/massnoun/2020/spring/1000x1500/MSZCT002/MSZCT002-BK-12.jpg http://massnoun.cafe24.com/massnoun/2020/spring/1000x1500/MSZCT002/MSZCT002-BK-13.jpg http://massnoun.cafe24.com/massnoun/2020/spring/1000x1500/MSZCT002/MSZCT002-BK-14.jpg http://massnoun.cafe24.com/massnoun/2020/spring/1000x1500/MSZCT002/MSZCT002-BK-15.jpg http://massnoun.cafe24.com/massnoun/2020/spring/1000x1500/MSZCT002/MSZCT002-BK-16.jpg http://massnoun.cafe24.com/massnoun/2020/spring/1000x1500/MSZCT002/MSZCT002-BK-17.jpg http://massnoun.cafe24.com/massnoun/2020/spring/1000x1500/MSZCT002/MSZCT002-BK-18.jpg http://massnoun.cafe24.com/massnoun/2020/spring/1000x1500/MSZCT002/MSZCT002-BK-19.jpg http://massnoun.cafe24.com/massnoun/2020/spring/1000x1500/MSZCT002/MSZCT002-BK-20.jpg
