[HI] [F/W] Asiha 곤룡포 항공점퍼 Red,아시하,258300,['[컬러]를 선택하세요.' 'Red']/['[사이즈]를 선택하세요.' 'Free'],h t t p s : / / i m a g e . b r a n d i . m e / c p r o d u c t / 2 0 2 0 / 0 5 / 2 1 / 1 6 5 1 8 6 2 1 _ 1 5 9 0 0 3 1 9 7 2 _ i m a g e 1 _ L . j p g,https://image.brandi.me/cproductdetail/2020/05/19/4e01b08e3ce54dbaafdc462dbca1729b.jpg
[나이키] 나이키 스포츠웨어 스위시 우븐 후드 자켓,엘덱스몰,143500,['[사이즈]를 선택하세요.' 'M' 'L']/,h t t p s : / / i m a g e . b r a n d i . m e / c p r o d u c t / 2 0 2 0 / 0 8 / 1 3 / 1 8 9 2 8 6 4 7 _ 1 5 9 7 3 0 4 2 1 3 _ i m a g e 1 _ L . j p g,https://image.brandi.me/cproductdetail/2020/08/13/c945e4a233920c85de344e28d992a44b.jpg
내셔널지오그래픽 N194MPD910 오스쿠디 라이트 패딩 셔츠형 경량 점퍼 CARBON BLACK,내셔널지오그래픽,199000,['[색상]를 선택하세요.' 'CARBON BLACK']/['[사이즈]를 선택하세요.' '095' '100' '105' '110'],h t t p s : / / i m a g e . b r a n d i . m e / c p r o d u c t / 2 0 1 9 / 1 0 / 1 7 / 1 1 2 0 7 2 1 3 _ 1 5 7 1 2 9 6 8 2 2 _ i m a g e 1 _ L . j p g,http://thenature.speedgabia.com/detail/nature_title.jpg http://thenature.speedgabia.com/detail/apparel_19FW/original_intro_19fw.jpg http://thenature.speedgabia.com/detail/apparel_19FW/N194MPD910-CARBONBLACK.jpg http://thenature.speedgabia.com/icon/D3.jpg http://thenature.speedgabia.com/icon/S3.jpg http://thenature.speedgabia.com/icon/B0.jpg http://thenature.speedgabia.com/detail/apparel_19FW/N194MPD910_gosi.jpg
[무스너클] 발리스틱 봄버 / MK2000MB,위드박스,747330,['[사이즈]를 선택하세요.' 'S (SOLD OUT)' 'M (SOLD OUT)' 'L (SOLD OUT)' 'XL']/,h t t p s : / / i m a g e . b r a n d i . m e / c p r o d u c t / 2 0 1 9 / 1 0 / 1 1 / 1 1 0 8 3 4 6 2 _ 1 5 7 0 7 9 0 5 0 2 _ i m a g e 1 _ L . j p g,https://image.brandi.me/cproductdetail/2019/10/11/e952417593a583165b88396377f89a85.jpg
[ATW X 해빗] 조선스쿨 바람막이_BK,아티스트웨어,76300,['[컬러]를 선택하세요.' 'Black']/['[사이즈]를 선택하세요.' 'L' 'M'],h t t p s : / / i m a g e . b r a n d i . m e / c p r o d u c t / 2 0 1 9 / 1 0 / 1 6 / 1 1 1 6 2 1 4 5 _ 1 5 7 1 1 9 3 8 2 4 _ i m a g e 1 _ L . j p g,http://gi.esmplus.com/babaro7/ATW/19FW/HABIT_KOREA-SCHOOL-WINDBREAK_01.jpg http://gi.esmplus.com/babaro7/ATW/19FW/HABIT_KOREA-SCHOOL-WINDBREAK_02.jpg http://gi.esmplus.com/babaro7/ATW/19FW/HABIT_KOREA-SCHOOL-WINDBREAK_03.jpg http://gi.esmplus.com/babaro7/ATW/19FW/HABIT_KOREA-SCHOOL-WINDBREAK_04.jpg http://gi.esmplus.com/babaro7/ATW/19FW/HABIT_KOREA-SCHOOL-WINDBREAK_05.jpg
[HI] [F/W] Asiha 벨벳 동양화자수 점퍼 Ver.2 Green,아시하,213850,['[컬러]를 선택하세요.' 'Green']/['[사이즈]를 선택하세요.' 'Free'],h t t p s : / / i m a g e . b r a n d i . m e / c p r o d u c t / 2 0 2 0 / 0 5 / 2 0 / 1 6 5 2 2 2 3 6 _ 1 5 8 9 9 4 6 8 1 7 _ i m a g e 1 _ L . j p g,https://image.brandi.me/cproductdetail/2020/05/19/6f365a6473f1ed154703c5c6bb5c9649.jpg
양털 카라 체크 점퍼_BLACK,잇츠션,17970,['[컬러]를 선택하세요.' 'Black']/['[사이즈]를 선택하세요.' 'L' 'M'],h t t p s : / / i m a g e . b r a n d i . m e / c p r o d u c t / 2 0 1 9 / 1 0 / 2 2 / 1 1 3 3 1 7 9 0 _ 1 5 7 1 7 3 5 5 7 3 _ i m a g e 1 _ L . j p g,https://image.brandi.me/cproductdetail/2019/10/22/9c2253d35a0c1fe222e5ee666a358604.jpg
[HI] [F/W] Asiha 곤룡포 항공점퍼 White,아시하,258300,['[컬러]를 선택하세요.' 'White']/['[사이즈]를 선택하세요.' 'Free'],h t t p s : / / i m a g e . b r a n d i . m e / c p r o d u c t / 2 0 2 0 / 0 5 / 2 1 / 1 6 5 1 8 7 6 4 _ 1 5 9 0 0 3 2 0 0 4 _ i m a g e 1 _ L . j p g,https://image.brandi.me/cproductdetail/2020/05/19/b73a2e5190397f9b7b9a34c4c316ee38.jpg
잉시 보아깔깔이,잉시,29400,['[컬러]를 선택하세요.' 'Black' 'Navy' 'Khaki']/['[사이즈]를 선택하세요.' 'L' 'M' 'S' 'XL'],h t t p s : / / i m a g e . b r a n d i . m e / c p r o d u c t / 2 0 1 9 / 1 2 / 1 0 / 1 2 3 4 9 1 7 2 _ 1 5 7 5 9 5 9 3 7 0 _ i m a g e 1 _ L . j p g,https://image.brandi.me/cproductdetail/2019/12/03/3489c78b3adc2c4ff8d2d215193f437e.jpg
[광복절특가] 카네브로스 레인보우 덕다운 숏패딩,카네브로스,81500,['[컬러]를 선택하세요.' 'Black' 'Gray']/['[사이즈]를 선택하세요.' 'M' 'L' 'XL'],h t t p s : / / i m a g e . b r a n d i . m e / c p r o d u c t / 2 0 2 0 / 0 8 / 0 4 / 1 8 7 4 4 2 3 5 _ 1 5 9 6 5 3 4 3 9 0 _ i m a g e 1 _ L . j p g,http://gi.esmplus.com/babaro7/CB/today.jpg http://gi.esmplus.com/babaro7/CB/18fw/CB_Rainbow_Scotch_BK_01.jpg http://gi.esmplus.com/babaro7/CB/18fw/CB_Rainbow_Scotch_BK_02.jpg http://gi.esmplus.com/babaro7/CB/18fw/CB_Rainbow_Scotch_BK_03.jpg http://gi.esmplus.com/babaro7/CB/18fw/CB_Rainbow_Scotch_BK_04.jpg http://gi.esmplus.com/babaro7/CB/18fw/CB_Rainbow_Scotch_BK_05.jpg
[HI] [F/W] Asiha 곤룡포 항공점퍼 Navy,아시하,258300,['[컬러]를 선택하세요.' 'Navy']/['[사이즈]를 선택하세요.' 'Free'],h t t p s : / / i m a g e . b r a n d i . m e / c p r o d u c t / 2 0 2 0 / 0 5 / 2 1 / 1 6 5 1 8 6 9 5 _ 1 5 9 0 0 3 1 9 8 8 _ i m a g e 1 _ L . j p g,https://image.brandi.me/cproductdetail/2020/05/19/299371f469b06c4603954a56d8ceb65b.jpg
스트라이프 레터링 점퍼 KJP6802_BL,코너스,38740,['[색상]를 선택하세요.' 'BLUE_BL']/['[사이즈]를 선택하세요.' 'XS (SOLD OUT)' 'S (SOLD OUT)' 'M' 'L' 'XL (SOLD OUT)'],h t t p s : / / i m a g e . b r a n d i . m e / c p r o d u c t / 2 0 2 0 / 0 6 / 2 9 / 1 7 7 9 2 0 4 5 _ 1 5 9 3 3 9 8 9 8 9 _ i m a g e 1 _ L . j p g,http://ai.esmplus.com/robink7200/konus/16%20FALL/KJP6802_BL/DETAIL/DETAIL1.jpg
내셔널지오그래픽 N194MDW820 토르니에 라이트 구스 다운 자켓 CARBON BLACK,내셔널지오그래픽,199000,['[색상]를 선택하세요.' 'CARBON BLACK']/['[사이즈]를 선택하세요.' '095' '100' '105 (SOLD OUT)' '110 (SOLD OUT)'],h t t p s : / / i m a g e . b r a n d i . m e / c p r o d u c t / 2 0 1 9 / 1 0 / 1 7 / 1 1 2 0 6 5 1 5 _ 1 5 7 1 2 9 9 1 3 3 _ i m a g e 1 _ L . j p g,http://thenature.speedgabia.com/detail/nature_title.jpg http://thenature.speedgabia.com/detail/apparel_19FW/urban_intro_19fw.jpg http://thenature.speedgabia.com/detail/apparel_19FW/N194MDW820-CARBONBLACK.jpg http://thenature.speedgabia.com/icon/D3.jpg http://thenature.speedgabia.com/icon/S2.jpg http://thenature.speedgabia.com/icon/B2.jpg http://thenature.speedgabia.com/detail/apparel_19FW/N194MDW820_gosi.jpg
[당일발송][양말 사은품][ATW X 지나] 드래곤 MA-1 점퍼,아티스트웨어,117660,['[컬러]를 선택하세요.' 'Black']/['[사이즈]를 선택하세요.' 'L (SOLD OUT)' 'M'],h t t p s : / / i m a g e . b r a n d i . m e / c p r o d u c t / 2 0 1 9 / 1 1 / 2 1 / 1 2 0 8 5 2 7 1 _ 1 5 7 4 3 1 8 9 8 7 _ i m a g e 1 _ L . j p g,http://gi.esmplus.com/babaro7/ATW/ATW_shippingtext.jpg http://gi.esmplus.com/babaro7/ATW/19FW/19W/GEENA_DRAGON_MA-1_1.jpg http://gi.esmplus.com/babaro7/ATW/19FW/19W/GEENA_DRAGON_MA-1_2.jpg
엠피 웰론 푸퍼 숏패딩 PEDJP04(BLACK),어반플레이어스,79200,['[컬러]를 선택하세요.' 'Black']/['[사이즈]를 선택하세요.' 'L' 'M (SOLD OUT)'],h t t p s : / / i m a g e . b r a n d i . m e / c p r o d u c t / 2 0 1 9 / 1 0 / 3 1 / 1 1 5 5 6 3 9 2 _ 1 5 7 2 4 8 8 1 6 4 _ i m a g e 1 _ L . j p g,https://image.brandi.me/cproductdetail/2019/12/04/e509b6d968c661e600aad25922437f16.jpg
[당일발송][양말사은품] [ATW X 레오다브] 라이언 자수 스타디움 점퍼,아티스트웨어,104300,['[컬러]를 선택하세요.' 'Black']/['[사이즈]를 선택하세요.' 'L (SOLD OUT)' 'M'],h t t p s : / / i m a g e . b r a n d i . m e / c p r o d u c t / 2 0 1 9 / 1 1 / 0 6 / 1 1 5 4 3 9 4 5 _ 1 5 7 3 0 2 3 2 8 4 _ i m a g e 1 _ L . j p g,http://gi.esmplus.com/babaro7/ATW/artistwear_socks.jpg http://gi.esmplus.com/babaro7/ATW/ATW_shippingtext.jpg http://gi.esmplus.com/babaro7/ATW/19FW/LION-STADIUM-JACKET_1.jpg http://gi.esmplus.com/babaro7/ATW/19FW/LION-STADIUM-JACKET_2.jpg
[ATW X 해빗] 샤크메이커 바람막이_GY,아티스트웨어,76300,['[컬러]를 선택하세요.' 'Gray']/['[사이즈]를 선택하세요.' 'L' 'M'],h t t p s : / / i m a g e . b r a n d i . m e / c p r o d u c t / 2 0 1 9 / 1 0 / 1 6 / 1 1 1 6 7 4 7 3 _ 1 5 7 1 2 0 2 8 5 2 _ i m a g e 1 _ L . j p g,http://gi.esmplus.com/babaro7/ATW/19FW/HABIT_SHARKMAKER-WINDBREAK_01.jpg http://gi.esmplus.com/babaro7/ATW/19FW/HABIT_SHARKMAKER-WINDBREAK_02.jpg http://gi.esmplus.com/babaro7/ATW/19FW/HABIT_SHARKMAKER-WINDBREAK_03.jpg http://gi.esmplus.com/babaro7/ATW/19FW/HABIT_SHARKMAKER-WINDBREAK_04.jpg http://gi.esmplus.com/babaro7/ATW/19FW/HABIT_SHARKMAKER-WINDBREAK_05.jpg
내셔널지오그래픽 N194WDW930 여성 타루가 RDS 덕 다운 점퍼 O WHITE,내셔널지오그래픽,359000,['[색상]를 선택하세요.' 'O WHITE']/['[사이즈]를 선택하세요.' '085 (SOLD OUT)' '090' '095'],h t t p s : / / i m a g e . b r a n d i . m e / c p r o d u c t / 2 0 1 9 / 0 9 / 0 4 / 1 0 3 4 6 4 0 5 _ 1 5 6 7 5 6 3 1 2 0 _ i m a g e 1 _ L . j p g,http://thenature.speedgabia.com/detail/nature_title.jpg http://thenature.speedgabia.com/detail/apparel_19FW/original_intro_19fw.jpg http://thenature.speedgabia.com/detail/apparel_19FW/N194WDW930-OWHITE.jpg http://thenature.speedgabia.com/icon/D4.jpg http://thenature.speedgabia.com/icon/S1.jpg http://thenature.speedgabia.com/icon/B2.jpg http://thenature.speedgabia.com/detail/apparel_19FW/N194WDW930_gosi.jpg
Hoodie Bomber MA-1 Jacket Black,알디브이제트,179000,['[사이즈]를 선택하세요.' 'M (SOLD OUT)' 'L (SOLD OUT)' 'XL (SOLD OUT)']/,h t t p s : / / i m a g e . b r a n d i . m e / c p r o d u c t / 2 0 1 9 / 1 2 / 1 1 / 1 2 5 2 6 9 2 8 _ 1 5 7 6 0 4 5 9 9 5 _ i m a g e 1 _ L . j p g,https://image.brandi.me/cproductdetail/2019/12/11/1a974400cee6c5aa9cd817dc2c74d452.jpg
GRPF 라인 바람막이 블랙,그래프플랫폼,40600,['[컬러]를 선택하세요.' 'Black']/['[사이즈]를 선택하세요.' 'L (SOLD OUT)' 'M (SOLD OUT)' 'S (SOLD OUT)'],h t t p s : / / i m a g e . b r a n d i . m e / c p r o d u c t / 2 0 1 9 / 0 7 / 1 6 / 9 6 7 6 1 5 4 _ 1 5 6 3 2 3 6 6 7 6 _ i m a g e 1 _ L . j p g,https://image.brandi.me/cproductdetail/2019/07/16/4d9a4fabc23e20848d031d1f545b2dd1.jpg https://image.brandi.me/cproductdetail/2019/07/22/65e4bb042e5c51897f815f6d931ff8d1.jpg
내셔널지오그래픽 N194MPD910 오스쿠디 라이트 패딩 셔츠형 경량 점퍼 OBSIDIAN CHARCOAL,내셔널지오그래픽,199000,['[색상]를 선택하세요.' 'OBSIDIAN CHARCOAL']/['[사이즈]를 선택하세요.' '095' '100' '105' '110'],h t t p s : / / i m a g e . b r a n d i . m e / c p r o d u c t / 2 0 1 9 / 1 0 / 1 7 / 1 1 2 0 7 2 2 2 _ 1 5 7 1 2 9 6 7 9 9 _ i m a g e 1 _ L . j p g,http://thenature.speedgabia.com/detail/nature_title.jpg http://thenature.speedgabia.com/detail/apparel_19FW/original_intro_19fw.jpg http://thenature.speedgabia.com/detail/apparel_19FW/N194MPD910-OBSIDIANCHARCOAL.jpg http://thenature.speedgabia.com/icon/D3.jpg http://thenature.speedgabia.com/icon/S3.jpg http://thenature.speedgabia.com/icon/B0.jpg http://thenature.speedgabia.com/detail/apparel_19FW/N194MPD910_gosi.jpg
[단독특가] [해외] 스톤아일랜드 워싱 크링클랩스 숏 패딩 BLACK - 40223:V0029,센스오브뉴욕,909350,['[STYLE]를 선택하세요.' 'SHORT DYED CRINKLE_BLACK']/['[SIZE]를 선택하세요.' 'XS (SOLD OUT)' 'S' 'M (SOLD OUT)' 'L (SOLD OUT)' 'XL (SOLD OUT)'],h t t p s : / / i m a g e . b r a n d i . m e / c p r o d u c t / 2 0 1 9 / 1 1 / 0 5 / 1 1 6 6 2 6 1 1 _ 1 5 7 2 9 2 9 9 9 4 _ i m a g e 1 _ L . j p g,https://cdn.imweb.me/upload/S20170624594d2e1e0c12d/25d674e029e98.jpg
내셔널지오그래픽 N193MJP910 페루스 피쉬 테일 롱 점퍼 CARBON BLACK,내셔널지오그래픽,279000,['[색상]를 선택하세요.' 'CARBON BLACK']/['[사이즈]를 선택하세요.' '095' '100' '105' '110'],h t t p s : / / i m a g e . b r a n d i . m e / c p r o d u c t / 2 0 1 9 / 1 0 / 1 7 / 1 1 2 0 7 1 8 6 _ 1 5 7 1 2 9 6 9 6 3 _ i m a g e 1 _ L . j p g,http://thenature.speedgabia.com/detail/nature_title.jpg http://thenature.speedgabia.com/detail/apparel_19FW/original_intro_19fw.jpg http://thenature.speedgabia.com/detail/apparel_19FW/N193MJP910-CARBONBLACK.jpg http://thenature.speedgabia.com/icon/D3.jpg http://thenature.speedgabia.com/icon/S1.jpg http://thenature.speedgabia.com/icon/B2.jpg http://thenature.speedgabia.com/detail/apparel_19FW/N193MJP910_gosi.jpg
내셔널지오그래픽 N193UJP820 에리스 뽀글이 안감 코치 자켓 CARBON BLACK,내셔널지오그래픽,159000,['[색상]를 선택하세요.' 'CARBON BLACK']/['[사이즈]를 선택하세요.' '095' '100' '105' '110'],h t t p s : / / i m a g e . b r a n d i . m e / c p r o d u c t / 2 0 1 9 / 1 0 / 1 7 / 1 1 2 0 5 8 5 0 _ 1 5 7 1 2 8 8 3 6 2 _ i m a g e 1 _ L . j p g,http://thenature.speedgabia.com/detail/nature_title.jpg http://thenature.speedgabia.com/detail/apparel_19FW/urban_intro_19fw.jpg http://thenature.speedgabia.com/detail/apparel_19FW/N193UJP820-CARBONBLACK.jpg http://thenature.speedgabia.com/icon/D3.jpg http://thenature.speedgabia.com/icon/S1.jpg http://thenature.speedgabia.com/icon/B2.jpg http://thenature.speedgabia.com/detail/apparel_19FW/N193UJP820_gosi.jpg
내셔널지오그래픽 N193UJP940 라푸스 플리스 뽀글이 야상 점퍼 CARBON BLACK,내셔널지오그래픽,239000,['[색상]를 선택하세요.' 'CARBON BLACK']/['[사이즈]를 선택하세요.' '095' '100' '105' '110 (SOLD OUT)'],h t t p s : / / i m a g e . b r a n d i . m e / c p r o d u c t / 2 0 1 9 / 1 0 / 1 7 / 1 1 2 0 5 8 6 4 _ 1 5 7 1 2 9 4 4 0 3 _ i m a g e 1 _ L . j p g,http://thenature.speedgabia.com/detail/nature_title.jpg http://thenature.speedgabia.com/detail/apparel_19FW/original_intro_19fw.jpg http://thenature.speedgabia.com/detail/apparel_19FW/N193UJP940-CARBONBLACK.jpg http://thenature.speedgabia.com/icon/D3.jpg http://thenature.speedgabia.com/icon/S1.jpg http://thenature.speedgabia.com/icon/B0.jpg http://thenature.speedgabia.com/detail/apparel_19FW/N193UJP940_gosi.jpg
내셔널지오그래픽 N184UDW960 블루웨일 덕 다운 점퍼 패딩 HAVANA KHAKI,내셔널지오그래픽,490000,['[색상]를 선택하세요.' 'HAVANA KHAKI']/['[사이즈]를 선택하세요.' '90 (SOLD OUT)' '95' '100' '105' '110' '115 (SOLD OUT)'],h t t p s : / / i m a g e . b r a n d i . m e / c p r o d u c t / 2 0 1 9 / 1 0 / 1 7 / 1 1 2 0 7 8 5 2 _ 1 5 7 1 2 9 8 7 7 1 _ i m a g e 1 _ L . j p g,http://thenature.speedgabia.com/detail/nature_title.jpg http://thenature.speedgabia.com/detail/apparel_18FW/18fw_intro_original_wear.jpg http://thenature.speedgabia.com/detail/apparel_18FW/N184UDW960-HAVANAKHAKI.jpg http://thenature.speedgabia.com/detail/apparel_17SS/size.jpg http://thenature.speedgabia.com/icon/D4.jpg http://thenature.speedgabia.com/icon/S2.jpg http://thenature.speedgabia.com/icon/B3.jpg http://thenature.speedgabia.com/detail/apparel_18FW/N184UDW960_gosi.jpg
[Stone Island] 19SS STONE ISLAND 스톤아일랜드 NASLAN 자켓 BLACK,디코드,1285000,['[SIZE]를 선택하세요.' 'M (SOLD OUT)']/,h t t p s : / / i m a g e . b r a n d i . m e / c p r o d u c t / 2 0 1 9 / 0 6 / 1 9 / 9 2 5 2 4 7 1 _ 1 5 6 0 9 2 5 5 2 0 _ i m a g e 1 _ L . j p g,https://image.brandi.me/cproductdetail/2019/06/19/f25aea392d48e28ba00832714c88f753.JPG https://image.brandi.me/cproductdetail/2019/06/19/5698a5c3117fdabb584260c00c06e54d.JPG https://image.brandi.me/cproductdetail/2019/06/19/0f46f24233cb2a49584e2faafc17f2d8.JPG https://image.brandi.me/cproductdetail/2019/06/19/35694a9db4cdf0339d823b5f5ae957d3.JPG https://image.brandi.me/cproductdetail/2019/06/19/776b2e6576f23a9f0703970aef18fe15.JPG https://image.brandi.me/cproductdetail/2019/06/19/23e72ec19ddedd55c5d4e2e4219b1f44.JPG
노스페이스 / CAMPSHIRE PULLOVER HOODIE / NF0A33QV8KZ,위드박스,151050,['[사이즈]를 선택하세요.' 'M (SOLD OUT)' 'L (SOLD OUT)']/,h t t p s : / / i m a g e . b r a n d i . m e / c p r o d u c t / 2 0 1 9 / 0 1 / 1 8 / 6 9 5 2 4 0 4 _ 1 5 4 7 8 0 1 2 9 0 _ i m a g e 1 _ L . j p g,https://image.brandi.me/cproductdetail/2019/01/18/9f23091f633550ee37ad754f6fc1cd8c.jpg
[해외] 20FW 맥케이지 숏패딩 딕슨 블랙 실버 퍼,센스오브뉴욕,1739900,['[STYLE]를 선택하세요.' 'DIXON JACKET_SILVER FUR']/['[SIZE]를 선택하세요.' '38' '40'],h t t p s : / / i m a g e . b r a n d i . m e / c p r o d u c t / 2 0 2 0 / 0 7 / 3 0 / 1 8 6 4 7 2 8 7 _ 1 5 9 6 0 9 6 9 0 4 _ i m a g e 1 _ L . j p g,https://cdn.imweb.me/upload/S20170624594d2e1e0c12d/25d674e029e98.jpg
[PLAC]LIGHTWEIGHT WINDBREAKER_BK (PWOG2JPRA3M0C1),플랙,34750,['[SIZE]를 선택하세요.' 'S' 'M' 'L (SOLD OUT)']/,h t t p s : / / i m a g e . b r a n d i . m e / c p r o d u c t / 2 0 2 0 / 0 7 / 2 0 / 1 8 3 8 3 1 5 9 _ 1 5 9 5 2 3 5 5 5 1 _ i m a g e 1 _ L . j p g,https://placidwave.hgodo.com/img/2020/replac/PWOG2JPRA3M0C1/PWOG2JPRA3M0C1.jpg
봄버점퍼 KSP6025_BK,코너스,22200,['[색상]를 선택하세요.' 'BLACK_BK']/['[사이즈]를 선택하세요.' 'M' 'L (SOLD OUT)'],h t t p s : / / i m a g e . b r a n d i . m e / c p r o d u c t / 2 0 2 0 / 0 7 / 0 7 / 1 8 0 2 0 7 8 9 _ 1 5 9 4 1 0 9 8 6 5 _ i m a g e 1 _ L . j p g,http://ai.esmplus.com/robink7200/konus/16%20SUMMER/KSP6025_BK/DETAIL/KSP6025BKH.jpg
내셔널지오그래픽 N193MJP910 페루스 피쉬 테일 롱 점퍼 HAVANA KHAKI,내셔널지오그래픽,279000,['[색상]를 선택하세요.' 'HAVANA KHAKI']/['[사이즈]를 선택하세요.' '095' '100' '105' '110'],h t t p s : / / i m a g e . b r a n d i . m e / c p r o d u c t / 2 0 1 9 / 1 0 / 1 7 / 1 1 2 0 7 1 9 1 _ 1 5 7 1 2 9 6 6 7 0 _ i m a g e 1 _ L . j p g,http://thenature.speedgabia.com/detail/nature_title.jpg http://thenature.speedgabia.com/detail/apparel_19FW/original_intro_19fw.jpg http://thenature.speedgabia.com/detail/apparel_19FW/N193MJP910-HAVANAKHAKI.jpg http://thenature.speedgabia.com/icon/D3.jpg http://thenature.speedgabia.com/icon/S1.jpg http://thenature.speedgabia.com/icon/B2.jpg http://thenature.speedgabia.com/detail/apparel_19FW/N193MJP910_gosi.jpg
내셔널지오그래픽 N194MDW940 캠밸리 구스 다운 점퍼 CARBON BLACK,내셔널지오그래픽,499000,['[색상]를 선택하세요.' 'CARBON BLACK']/['[사이즈]를 선택하세요.' '095' '100' '105' '110'],h t t p s : / / i m a g e . b r a n d i . m e / c p r o d u c t / 2 0 1 9 / 1 0 / 1 7 / 1 1 2 0 6 5 2 8 _ 1 5 7 1 2 9 9 0 9 5 _ i m a g e 1 _ L . j p g,http://thenature.speedgabia.com/detail/nature_title.jpg http://thenature.speedgabia.com/detail/apparel_19FW/original_intro_19fw.jpg http://thenature.speedgabia.com/detail/apparel_19FW/N194MDW940-CARBONBLACK.jpg http://thenature.speedgabia.com/icon/D4.jpg http://thenature.speedgabia.com/icon/S1.jpg http://thenature.speedgabia.com/icon/B2.jpg http://thenature.speedgabia.com/detail/apparel_19FW/N194MDW940_gosi.jpg
[광복절특가] 카네브로스 컬러라인 덕다운 숏패딩,카네브로스,81500,['[컬러]를 선택하세요.' 'Black' 'Gray']/['[사이즈]를 선택하세요.' 'M' 'L' 'XL'],h t t p s : / / i m a g e . b r a n d i . m e / c p r o d u c t / 2 0 2 0 / 0 8 / 0 4 / 1 8 7 4 4 1 3 6 _ 1 5 9 6 5 3 4 2 6 7 _ i m a g e 1 _ L . j p g,http://gi.esmplus.com/babaro7/CB/today.jpg http://gi.esmplus.com/babaro7/CB/18fw/CB_Color_Line_BK_01.jpg http://gi.esmplus.com/babaro7/CB/18fw/CB_Color_Line_BK_02.jpg http://gi.esmplus.com/babaro7/CB/18fw/CB_Color_Line_BK_03.jpg http://gi.esmplus.com/babaro7/CB/18fw/CB_Color_Line_BK_04.jpg http://gi.esmplus.com/babaro7/CB/18fw/CB_Color_Line_BK_05.jpg
내셔널지오그래픽 N193UJP940 라푸스 플리스 뽀글이 야상 점퍼 HAVANA KHAKI,내셔널지오그래픽,239000,['[색상]를 선택하세요.' 'HAVANA KHAKI']/['[사이즈]를 선택하세요.' '090 (SOLD OUT)' '095' '100' '105 (SOLD OUT)'],h t t p s : / / i m a g e . b r a n d i . m e / c p r o d u c t / 2 0 1 9 / 1 0 / 1 7 / 1 1 2 0 5 8 5 9 _ 1 5 7 1 2 9 4 3 8 4 _ i m a g e 1 _ L . j p g,http://thenature.speedgabia.com/detail/nature_title.jpg http://thenature.speedgabia.com/detail/apparel_19FW/original_intro_19fw.jpg http://thenature.speedgabia.com/detail/apparel_19FW/N193UJP940-HAVANAKHAKI.jpg http://thenature.speedgabia.com/icon/D3.jpg http://thenature.speedgabia.com/icon/S1.jpg http://thenature.speedgabia.com/icon/B0.jpg http://thenature.speedgabia.com/detail/apparel_19FW/N193UJP940_gosi.jpg
[ILCORSO] 한정판 일꼬르소X카파 다크그린 스카치 라이닝 윈드브레이커 IEJU9F701E3,일꼬르소,89500,['[사이즈]를 선택하세요.' '095' '100' '105']/,h t t p s : / / i m a g e . b r a n d i . m e / c p r o d u c t / 2 0 1 9 / 1 2 / 2 0 / 1 2 6 7 8 4 0 0 _ 1 5 7 6 8 1 9 0 6 4 _ i m a g e 1 _ L . j p g,https://placidwave.hgodo.com/img/ilcorso/lg_baesong.jpg
내셔널지오그래픽 N184UDW990 머렌서스 구스 다운 롱패딩 점퍼 CARBON BLACK,내셔널지오그래픽,490000,['[색상]를 선택하세요.' 'CARBON BLACK']/['[사이즈]를 선택하세요.' '90 (SOLD OUT)' '95 (SOLD OUT)' '100 (SOLD OUT)' '105' '110 (SOLD OUT)' '115 (SOLD OUT)'],h t t p s : / / i m a g e . b r a n d i . m e / c p r o d u c t / 2 0 1 9 / 1 0 / 1 7 / 1 1 2 0 7 7 9 9 _ 1 5 7 1 2 9 8 8 0 4 _ i m a g e 1 _ L . j p g,http://thenature.speedgabia.com/detail/nature_title.jpg http://thenature.speedgabia.com/detail/apparel_18FW/18fw_intro_original_wear.jpg http://thenature.speedgabia.com/detail/apparel_18FW/N184UDW990-CARBONBLACK.jpg http://thenature.speedgabia.com/detail/apparel_17SS/size.jpg http://thenature.speedgabia.com/icon/D5.jpg http://thenature.speedgabia.com/icon/S2.jpg http://thenature.speedgabia.com/icon/B3.jpg http://thenature.speedgabia.com/detail/apparel_18FW/N184UDW990_gosi.jpg
내셔널지오그래픽 N194UDW950 블루웨일 RDS 구스 다운 점퍼 CARBON BLACK,내셔널지오그래픽,472000,['[색상]를 선택하세요.' 'CARBON BLACK']/['[사이즈]를 선택하세요.' '090 (SOLD OUT)' '095' '100' '105' '110'],h t t p s : / / i m a g e . b r a n d i . m e / c p r o d u c t / 2 0 1 9 / 1 0 / 1 7 / 1 1 2 0 6 4 1 8 _ 1 5 7 1 2 9 9 5 8 5 _ i m a g e 1 _ L . j p g,http://thenature.speedgabia.com/detail/nature_title.jpg http://thenature.speedgabia.com/detail/apparel_19FW/original_intro_19fw.jpg http://thenature.speedgabia.com/detail/apparel_19FW/N194UDW950-CARBONBLACK.jpg http://thenature.speedgabia.com/icon/D4.jpg http://thenature.speedgabia.com/icon/S1.jpg http://thenature.speedgabia.com/icon/B2.jpg http://thenature.speedgabia.com/detail/apparel_19FW/N194UDW950_gosi.jpg
OVER MA-1 BLOUSON_BLACK,얀13,48500,['[SIZE]를 선택하세요.' 'M(95~100)' 'L(103~105) (SOLD OUT)']/,h t t p s : / / i m a g e . b r a n d i . m e / c p r o d u c t / 2 0 1 9 / 0 4 / 1 9 / 8 2 0 6 3 1 3 _ 1 5 5 5 6 5 6 7 6 1 _ i m a g e 1 _ L . j p g,http://teamcsp.hgodo.com/Y_M_2019/m0322_1_1.jpg
나이키 아카데미 패딩 AO1501-010,에인트,160930,['[색상]를 선택하세요.' '블랙']/['[사이즈]를 선택하세요.' 'S(95)' 'M(100)' 'L(105)' 'XL(110)' '2XL(115)'],h t t p s : / / i m a g e . b r a n d i . m e / c p r o d u c t / 2 0 2 0 / 0 7 / 0 2 / 1 7 9 0 1 4 0 7 _ 1 5 9 3 6 6 3 8 1 0 _ i m a g e 1 _ L . j p g,http://openhost.welldonekorea.cafe24.com/aint/2019.09.23_01_hjk/100.jpg
잉시 리버시블 곰깔깔이 양털플리스,잉시,37400,['[컬러]를 선택하세요.' 'Black' 'Beige' 'LightKhaki']/['[사이즈]를 선택하세요.' 'XL (SOLD OUT)' 'L (SOLD OUT)' 'M (SOLD OUT)' 'S (SOLD OUT)'],h t t p s : / / i m a g e . b r a n d i . m e / c p r o d u c t / 2 0 1 9 / 1 2 / 1 2 / 1 2 4 9 5 1 9 3 _ 1 5 7 6 1 2 9 7 8 7 _ i m a g e 1 _ L . j p g,https://cdn.imweb.me/upload/S201811075be2a592da66d/7ca972c57e351.jpg
내셔널지오그래픽 N194UDW940 벨루가 덕 다운 점퍼 CARBON BLACK,내셔널지오그래픽,319200,['[색상]를 선택하세요.' 'CARBON BLACK']/['[사이즈]를 선택하세요.' '090' '095' '100' '105' '110' '115 (SOLD OUT)'],h t t p s : / / i m a g e . b r a n d i . m e / c p r o d u c t / 2 0 1 9 / 1 0 / 2 2 / 1 0 3 4 6 4 2 8 _ 1 5 7 1 7 1 9 2 6 0 _ i m a g e 1 _ L . j p g,http://thenature.speedgabia.com/detail/nature_title.jpg http://thenature.speedgabia.com/detail/apparel_19FW/original_intro_19fw.jpg http://thenature.speedgabia.com/detail/apparel_19FW/N194UDW940-CARBONBLACK.jpg http://thenature.speedgabia.com/icon/D4.jpg http://thenature.speedgabia.com/icon/S1.jpg http://thenature.speedgabia.com/icon/B2.jpg http://thenature.speedgabia.com/detail/apparel_19FW/N194UDW940_gosi.jpg
[PLAC]LIGHTWEIGHT WINDBREAKER_BE (PWOG2JPRA3M0E1),플랙,34750,['[SIZE]를 선택하세요.' 'S' 'M' 'L']/,h t t p s : / / i m a g e . b r a n d i . m e / c p r o d u c t / 2 0 2 0 / 0 7 / 2 0 / 1 8 3 8 3 1 5 5 _ 1 5 9 5 2 3 5 5 4 5 _ i m a g e 1 _ L . j p g,https://placidwave.hgodo.com/img/2020/replac/PWOG2JPRA3M0E1/PWOG2JPRA3M.jpg
[TNGT] 화이트 슈퍼오버핏 플리스 퀼팅 점퍼 TGJU9D704WT,티엔지티,95400,['[사이즈]를 선택하세요.' '095 (SOLD OUT)' '100' '105' '110 (SOLD OUT)']/,h t t p s : / / i m a g e . b r a n d i . m e / c p r o d u c t / 2 0 1 9 / 1 2 / 2 0 / 1 2 6 7 5 9 5 3 _ 1 5 7 6 8 2 1 3 6 7 _ i m a g e 1 _ L . j p g,https://placidwave.hgodo.com/img/ilcorso/tngt_size.jpg https://placidwave.hgodo.com/img/ilcorso/lg_baesong.jpg
내셔널지오그래픽 N194WDW930 여성 타루가 RDS 덕 다운 점퍼 OBSIDIAN CHARCOAL,내셔널지오그래픽,359000,['[색상]를 선택하세요.' 'OBSIDIAN CHARCOAL']/['[사이즈]를 선택하세요.' '085' '090' '095 (SOLD OUT)'],h t t p s : / / i m a g e . b r a n d i . m e / c p r o d u c t / 2 0 1 9 / 1 0 / 2 2 / 1 0 3 4 6 4 1 7 _ 1 5 7 1 7 1 9 7 0 0 _ i m a g e 1 _ L . j p g,http://thenature.speedgabia.com/detail/nature_title.jpg http://thenature.speedgabia.com/detail/apparel_19FW/original_intro_19fw.jpg http://thenature.speedgabia.com/detail/apparel_19FW/N194WDW930-OBSIDIANCHARCOAL.jpg http://thenature.speedgabia.com/icon/D4.jpg http://thenature.speedgabia.com/icon/S1.jpg http://thenature.speedgabia.com/icon/B2.jpg http://thenature.speedgabia.com/detail/apparel_19FW/N194WDW930_gosi.jpg
[몽클레어] 18F/W 아를 ARLES 후드 패딩 40326 85 54155 999,바이스트,1690000,['[선택]를 선택하세요.' '1']/,h t t p s : / / i m a g e . b r a n d i . m e / c p r o d u c t / 2 0 1 9 / 0 8 / 1 4 / 9 7 7 6 3 0 5 _ 1 5 6 5 7 5 0 0 0 7 _ i m a g e 1 _ L . j p g,http://www.buyest.co.kr/mall/cheditor/attach/20180918151551_qlovtvxb.jpg
[나이키] 나이키 시그니처 원드 러너 재킷,엘덱스몰,153700,['[색상]를 선택하세요.' '그레이&블랙' '유니버시티 골드 & 청록']/['[사이즈]를 선택하세요.' 'XS' 'S' 'M' 'L' 'XL (SOLD OUT)' 'XXL'],h t t p s : / / i m a g e . b r a n d i . m e / c p r o d u c t / 2 0 2 0 / 0 2 / 2 8 / 1 4 1 7 2 2 0 3 _ 1 5 8 2 8 7 5 8 3 9 _ i m a g e 1 _ L . j p g,https://image.brandi.me/cproductdetail/2020/02/28/88ce15e6c022b0baf5e8e29fd676dd60.jpg https://image.brandi.me/cproductdetail/2020/02/28/02e9f30fdb74aafa16540ac92784f12c.jpg https://image.brandi.me/cproductdetail/2020/02/28/e96dbd7282c477949c8d67aecf5de58c.jpg https://image.brandi.me/cproductdetail/2020/02/28/350bcdf828c45cecaf564563b816bb14.jpg https://image.brandi.me/cproductdetail/2020/02/28/2427be1bf65efb08fa02466a271539f1.jpg https://image.brandi.me/cproductdetail/2020/02/28/9f735d0d79ef46eced6491063a4d4e3f.jpg https://image.brandi.me/cproductdetail/2020/02/28/4f1a0784f88ed0292a94b71342f07d2a.jpg https://image.brandi.me/cproductdetail/2020/02/28/2b699258bbf3dc7bb94e0db4d1aff634.jpg https://image.brandi.me/cproductdetail/2020/02/28/2bc35bcbe907dcd19feda07ea7f91506.jpg https://image.brandi.me/cproductdetail/2020/02/28/c85fe841662cee6ea699774474ae1c87.jpg https://image.brandi.me/cproductdetail/2020/02/28/2fac280109426d2c43af562dc4e33802.jpg https://image.brandi.me/cproductdetail/2020/02/28/c7f180381f5724dddf77a6504fe194f6.jpg https://image.brandi.me/cproductdetail/2020/04/20/f1b1dc24fd128fb60df7cc2816406009.jpg
[파라점퍼스] PM JCK MA07 541 19F 남성패딩,럭스앤홀릭,984000,['[색상]를 선택하세요.' '블랙']/['[사이즈]를 선택하세요.' 'L' 'M' 'XL' 'XXL' '3XL' 'S'],h t t p s : / / i m a g e . b r a n d i . m e / c p r o d u c t / 2 0 2 0 / 0 5 / 2 8 / 1 1 7 2 5 4 0 5 _ 1 5 9 0 6 5 8 6 0 0 _ i m a g e 1 _ L . j p g,http://luxnholic1.openhost.cafe24.com/web/img/parajumpers/parajumpers_161_a.jpg http://luxnholic1.openhost.cafe24.com/web/img/parajumpers/parajumpers_161_b.jpg http://luxnholic1.openhost.cafe24.com/web/img/parajumpers/parajumpers_161_c.jpg http://luxnholic1.openhost.cafe24.com/web/img/parajumpers/parajumpers_161_d.jpg http://luxnholic1.openhost.cafe24.com/web/img/parajumpers/parajumpers_161_e.jpg http://luxnholic1.openhost.cafe24.com/web/img/parajumpers/parajumpers_161_f.jpg http://luxnholic1.openhost.cafe24.com/web/img/parajumpers/parajumpers_161_g.jpg http://luxnholic1.openhost.cafe24.com/web/img/parajumpers/parajumpers_161_h.jpg http://luxnholic1.openhost.cafe24.com/web/img/_luxnholic/luxnholic_info.jpg
내셔널지오그래픽 N194UDW970 바이슨 RDS 덕 롱 다운 점퍼 CARBON BLACK,내셔널지오그래픽,339390,['[색상]를 선택하세요.' 'CARBON BLACK']/['[사이즈]를 선택하세요.' '090' '095' '100' '105' '110' '115'],h t t p s : / / i m a g e . b r a n d i . m e / c p r o d u c t / 2 0 1 9 / 1 0 / 2 2 / 1 1 3 1 5 0 2 2 _ 1 5 7 1 7 2 6 2 5 9 _ i m a g e 1 _ L . j p g,http://thenature.speedgabia.com/detail/nature_title.jpg http://thenature.speedgabia.com/detail/apparel_19FW/original_intro_19fw.jpg http://thenature.speedgabia.com/detail/apparel_19FW/N194UDW970-CARBONBLACK.jpg http://thenature.speedgabia.com/icon/D4.jpg http://thenature.speedgabia.com/icon/S2.jpg http://thenature.speedgabia.com/icon/B2.jpg http://thenature.speedgabia.com/detail/apparel_19FW/N194UDW970_gosi.jpg
나이키 클럽 다운필 롱패딩 AA8854-010,에인트,274960,['[색상]를 선택하세요.' '블랙']/['[사이즈]를 선택하세요.' 'S(90)' 'M(95)' 'L(100)' 'XL(105' '2XL(110)'],h t t p s : / / i m a g e . b r a n d i . m e / c p r o d u c t / 2 0 2 0 / 0 7 / 0 2 / 1 7 9 0 1 3 9 5 _ 1 5 9 3 6 6 3 8 0 1 _ i m a g e 1 _ L . j p g,http://openhost.welldonekorea.cafe24.com/aint/2019.11.03_03_hjk/100.jpg
SA M1941 필드 패딩 점퍼_카키,스미스아머,129000,['[컬러]를 선택하세요.' 'None']/['[사이즈]를 선택하세요.' 'Free'],h t t p s : / / i m a g e . b r a n d i . m e / c p r o d u c t / 2 0 1 9 / 1 1 / 2 1 / 1 2 0 7 8 4 6 8 _ 1 5 7 4 3 1 4 1 7 5 _ i m a g e 1 _ L . j p g,https://image.brandi.me/cproductdetail/2019/11/21/b3b5926bc4afa17381040d7cade65aa9.jpg https://image.brandi.me/cproductdetail/2019/11/21/0036ae03dec260a3d87e2e8eee32f315.JPG https://image.brandi.me/cproductdetail/2019/11/21/853c016babb7b14cdc2509e0c74a6b41.JPG https://image.brandi.me/cproductdetail/2019/11/21/dd2595cc1de9c366b3d05c581fff4de7.jpg https://image.brandi.me/cproductdetail/2019/11/21/1a4881719482e753481384f57719068d.jpg
내셔널지오그래픽 N194UDW890 카이만 3 구스 다운 벤치 롱패딩 점퍼 CARBON BLACK,내셔널지오그래픽,439000,['[색상]를 선택하세요.' 'CARBON BLACK']/['[사이즈]를 선택하세요.' '085 (SOLD OUT)' '090' '095' '100' '105' '110 (SOLD OUT)' '115 (SOLD OUT)'],h t t p s : / / i m a g e . b r a n d i . m e / c p r o d u c t / 2 0 1 9 / 1 0 / 1 7 / 1 1 2 0 6 4 4 0 _ 1 5 7 1 2 9 9 4 1 0 _ i m a g e 1 _ L . j p g,http://thenature.speedgabia.com/detail/nature_title.jpg http://thenature.speedgabia.com/detail/apparel_19FW/original_intro_19fw.jpg http://thenature.speedgabia.com/detail/apparel_19FW/N194UDW890-CARBONBLACK.jpg http://thenature.speedgabia.com/icon/D4.jpg http://thenature.speedgabia.com/icon/S2.jpg http://thenature.speedgabia.com/icon/B2.jpg http://thenature.speedgabia.com/detail/apparel_19FW/N194UDW890_gosi.jpg
아디다스 슈퍼스타 트랙탑 CW1256,비타민스포츠,76230,['[CW1256]를 선택하세요.' 'M' 'L (SOLD OUT)']/,h t t p s : / / i m a g e . b r a n d i . m e / c p r o d u c t / 2 0 2 0 / 0 3 / 3 1 / 1 5 0 6 1 8 4 7 _ 1 5 8 5 6 2 1 1 4 6 _ i m a g e 1 _ L . j p g,http://www.vsmall.kr/aimg/2018/ad2018/CW1256.jpg
[단독특가] [해외] [스톤아일랜드] 워싱 크링클랩스 숏 패딩 NAVY - 40223:V0020,센스오브뉴욕,909350,['[STYLE]를 선택하세요.' 'SHORT DYED CRINKLE_NAVY']/['[SIZE]를 선택하세요.' 'XS (SOLD OUT)' 'S' 'M' 'L (SOLD OUT)' 'XL'],h t t p s : / / i m a g e . b r a n d i . m e / c p r o d u c t / 2 0 2 0 / 0 1 / 1 6 / 1 1 6 6 2 6 2 1 _ 1 5 7 9 1 4 0 7 8 8 _ i m a g e 1 _ L . j p g,https://cdn.imweb.me/upload/S20170624594d2e1e0c12d/25d674e029e98.jpg
내셔널지오그래픽 N184UDW990 머렌서스 구스 다운 롱패딩 점퍼 SILVER BIRCH BEIGE,내셔널지오그래픽,490000,['[색상]를 선택하세요.' 'SILVER BIRCH BEIGE']/['[사이즈]를 선택하세요.' '90 (SOLD OUT)' '95 (SOLD OUT)' '100' '105' '110'],h t t p s : / / i m a g e . b r a n d i . m e / c p r o d u c t / 2 0 1 9 / 1 0 / 1 7 / 1 1 2 0 7 7 9 2 _ 1 5 7 1 2 9 8 8 2 2 _ i m a g e 1 _ L . j p g,http://thenature.speedgabia.com/detail/nature_title.jpg http://thenature.speedgabia.com/detail/apparel_18FW/18fw_intro_original_wear.jpg http://thenature.speedgabia.com/detail/apparel_18FW/N184UDW990-SILVERBIRCHBEIGE.jpg http://thenature.speedgabia.com/detail/apparel_17SS/size.jpg http://thenature.speedgabia.com/icon/D5.jpg http://thenature.speedgabia.com/icon/S2.jpg http://thenature.speedgabia.com/icon/B3.jpg http://thenature.speedgabia.com/detail/apparel_18FW/N184UDW990_gosi.jpg
내셔널지오그래픽 N194MDW910 파나로카 남성 라이트 구스 다운 점퍼 INCENSE BEIGE,내셔널지오그래픽,199000,['[색상]를 선택하세요.' 'INCENSE BEIGE']/['[사이즈]를 선택하세요.' '095' '100' '105' '110'],h t t p s : / / i m a g e . b r a n d i . m e / c p r o d u c t / 2 0 1 9 / 1 0 / 1 7 / 1 1 2 0 6 5 4 2 _ 1 5 7 1 2 9 8 6 1 3 _ i m a g e 1 _ L . j p g,http://thenature.speedgabia.com/detail/nature_title.jpg http://thenature.speedgabia.com/detail/apparel_19FW/original_intro_19fw.jpg http://thenature.speedgabia.com/detail/apparel_19FW/N194MDW910-INCENSEBEIGE.jpg http://thenature.speedgabia.com/icon/D3.jpg http://thenature.speedgabia.com/icon/S2.jpg http://thenature.speedgabia.com/icon/B2.jpg http://thenature.speedgabia.com/detail/apparel_19FW/N194MDW910_gosi.jpg
내셔널지오그래픽 N194UDW980 바이슨 RDS 덕 다운 점퍼 CARBON BLACK,내셔널지오그래픽,218270,['[색상]를 선택하세요.' 'CARBON BLACK']/['[사이즈]를 선택하세요.' '090' '095' '100' '105' '110' '115'],h t t p s : / / i m a g e . b r a n d i . m e / c p r o d u c t / 2 0 1 9 / 1 0 / 1 7 / 1 0 3 4 6 4 7 2 _ 1 5 7 1 2 9 6 4 1 0 _ i m a g e 1 _ L . j p g,http://thenature.speedgabia.com/detail/nature_title.jpg http://thenature.speedgabia.com/detail/apparel_19FW/original_intro_19fw.jpg http://thenature.speedgabia.com/detail/apparel_19FW/N194UDW980-CARBONBLACK.jpg http://thenature.speedgabia.com/icon/D4.jpg http://thenature.speedgabia.com/icon/S2.jpg http://thenature.speedgabia.com/icon/B2.jpg http://thenature.speedgabia.com/detail/apparel_19FW/N194UDW980_gosi.jpg
칼하트 길리엄 패딩 블랙,에인트,187880,['[색상]를 선택하세요.' '블랙']/['[사이즈]를 선택하세요.' 'S' 'M' 'L' 'XL'],h t t p s : / / i m a g e . b r a n d i . m e / c p r o d u c t / 2 0 2 0 / 0 7 / 0 2 / 1 7 9 0 4 3 6 4 _ 1 5 9 3 6 6 9 6 4 2 _ i m a g e 1 _ L . j p g,https://welldonekorea.cafe24.com/aint/2020.03.13_37_bts/100.jpg
[HI] [F/W] Asiha 벨벳 동양화자수 점퍼 Black,아시하,213850,['[컬러]를 선택하세요.' 'Black']/['[사이즈]를 선택하세요.' 'Free'],h t t p s : / / i m a g e . b r a n d i . m e / c p r o d u c t / 2 0 2 0 / 0 5 / 2 1 / 1 6 5 2 1 9 2 3 _ 1 5 9 0 0 3 2 4 8 3 _ i m a g e 1 _ L . j p g,https://image.brandi.me/cproductdetail/2020/05/19/17cedf16a03ca1cfd6e6dde1270fda18.jpg
[몽클레어] E2 091 4138025 68352 999 19F 남성패딩,럭스앤홀릭,2779000,['[색상]를 선택하세요.' '블랙']/['[사이즈]를 선택하세요.' '1' '3 (SOLD OUT)' '4 (SOLD OUT)' '5 (SOLD OUT)' '2 (SOLD OUT)'],h t t p s : / / i m a g e . b r a n d i . m e / c p r o d u c t / 2 0 2 0 / 0 5 / 2 8 / 1 2 5 0 5 9 7 2 _ 1 5 9 0 6 5 9 1 2 4 _ i m a g e 1 _ L . j p g,http://luxnholic1.openhost.cafe24.com/web/img/moncler/moncler_1302_a.jpg http://luxnholic1.openhost.cafe24.com/web/img/moncler/moncler_1302_b.jpg http://luxnholic1.openhost.cafe24.com/web/img/moncler/moncler_1302_c.jpg http://luxnholic1.openhost.cafe24.com/web/img/moncler/moncler_1302_d.jpg http://luxnholic1.openhost.cafe24.com/web/img/moncler/moncler_1302_e.jpg http://luxnholic1.openhost.cafe24.com/web/img/moncler/moncler_1302_f.jpg http://luxnholic1.openhost.cafe24.com/web/img/moncler/moncler_1302_g.jpg http://luxnholic1.openhost.cafe24.com/web/img/moncler/moncler_1302_h.jpg http://luxnholic1.openhost.cafe24.com/web/img/_luxnholic/luxnholic_info.jpg
BENE WELLON SHOT PADDING (GRAY),라모드치프,69500,['[SIZE]를 선택하세요.' 'FREE']/,h t t p s : / / i m a g e . b r a n d i . m e / c p r o d u c t / 2 0 1 9 / 1 2 / 3 0 / 1 2 1 8 1 0 9 5 _ 1 5 7 7 7 1 5 8 5 2 _ i m a g e 1 _ L . j p g,http://openhost.sfnc2012.cafe24.com/web/upload/0_notice/title/top.jpg http://openhost.sfnc2012.cafe24.com/web/upload/00/la001/la00181/la00181_00.jpg http://openhost.sfnc2012.cafe24.com/web/upload/00/la001/la00181/la00181_intro.jpg http://openhost.sfnc2012.cafe24.com/web/upload/00/la001/la00181/la00181_modelsize.jpg http://openhost.sfnc2012.cafe24.com/web/upload/00/la001/la00181/la00181_black_Beige_01.jpg http://openhost.sfnc2012.cafe24.com/web/upload/00/la001/la00181/la00181_black_Beige_02.jpg http://openhost.sfnc2012.cafe24.com/web/upload/00/la001/la00181/la00181_black_Beige_03.jpg http://openhost.sfnc2012.cafe24.com/web/upload/00/la001/la00181/la00181_black_Beige_04.jpg http://openhost.sfnc2012.cafe24.com/web/upload/00/la001/la00181/la00181_white_01.jpg http://openhost.sfnc2012.cafe24.com/web/upload/00/la001/la00181/la00181_white_02.jpg http://openhost.sfnc2012.cafe24.com/web/upload/00/la001/la00181/la00181_white_03.jpg http://openhost.sfnc2012.cafe24.com/web/upload/00/la001/la00181/la00181_d_beige.jpg
[무스너클] M39MB014 310 19F 남성패딩,럭스앤홀릭,1156000,['[색상]를 선택하세요.' '블랙']/['[사이즈]를 선택하세요.' 'L' 'M' 'S' 'XL'],h t t p s : / / i m a g e . b r a n d i . m e / c p r o d u c t / 2 0 2 0 / 0 5 / 2 8 / 1 0 9 0 5 4 3 2 _ 1 5 9 0 6 5 8 3 3 1 _ i m a g e 1 _ L . j p g,http://luxnholic1.openhost.cafe24.com/web/img/mooseknuckles/mooseknuckles_107_a.jpg http://luxnholic1.openhost.cafe24.com/web/img/mooseknuckles/mooseknuckles_107_b.jpg http://luxnholic1.openhost.cafe24.com/web/img/mooseknuckles/mooseknuckles_107_c.jpg http://luxnholic1.openhost.cafe24.com/web/img/mooseknuckles/mooseknuckles_107_d.jpg http://luxnholic1.openhost.cafe24.com/web/img/mooseknuckles/mooseknuckles_107_e.jpg http://luxnholic1.openhost.cafe24.com/web/img/mooseknuckles/mooseknuckles_107_f.jpg http://luxnholic1.openhost.cafe24.com/web/img/mooseknuckles/mooseknuckles_107_g.jpg http://luxnholic1.openhost.cafe24.com/web/img/mooseknuckles/mooseknuckles_107_h.jpg http://luxnholic1.openhost.cafe24.com/web/img/_luxnholic/luxnholic_info.jpg
트러커 무스탕점퍼 (C1804-JP936_BK),제이반스클래식,48650,['[색상]를 선택하세요.' '블랙계열']/['[사이즈]를 선택하세요.' 'M' 'L (SOLD OUT)'],h t t p s : / / i m a g e . b r a n d i . m e / c p r o d u c t / 2 0 1 9 / 0 8 / 2 2 / 1 0 1 0 9 3 1 4 _ 1 5 6 6 4 6 3 0 5 0 _ i m a g e 1 _ L . j p g,http://jbans.net/classic/top_info.jpg http://jbans.net/classic/classic_top.jpg http://jbans.net/classic/2018/C1804-JP936_BK_01.jpg http://jbans.net/classic/2018/C1804-JP936_BK_02.jpg http://jbans.net/classic/2018/C1804-JP936_BK_03.jpg http://jbans.net/classic/2018/C1804-JP936_BK_04.jpg http://jbans.net/classic/model_size.jpg http://jbans.net/classic/120917_info.jpg
[티떠블유엔] 캐논 바이오워싱 양털점퍼 5종 YMOT3228,티떠블유엔,84150,['[색상및사이즈]를 선택하세요.' '검정M' '검정L' '검정XL' '검정2XL' '베이지M' '베이지L' '베이지XL (SOLD OUT)' '베이지2XL' '브릭M' '브릭L' '브릭XL' '브릭2XL' '진회색M' '진회색L' '진회색XL' '진회색2XL' '청록M' '청록L' '청록XL' '청록2XL']/,h t t p s : / / i m a g e . b r a n d i . m e / c p r o d u c t / 2 0 2 0 / 0 1 / 0 6 / 1 3 0 0 9 8 7 5 _ 1 5 7 8 2 7 8 4 5 6 _ i m a g e 1 _ L . j p g,http://efairplay.img2.kr/www/2019_/TWN_2019fw_intro.jpg http://efairplay.img2.kr/www/2019_/2019_10/20191002/20191002_twn_canon_intro_ym.jpg http://efairplay.img2.kr/www/2019_/2019_10/20191002/20191002_twn_canon_model_ym_01.jpg http://efairplay.img2.kr/www/2019_/2019_10/20191002/20191002_twn_canon_model_ym_02.jpg http://efairplay.img2.kr/www/2019_/2019_10/20191002/20191002_twn_canon_model_ym_03.jpg http://efairplay.img2.kr/www/2019_/2019_10/20191002/20191002_twn_canon_model_ym_04.jpg http://efairplay.img2.kr/www/2019_/2019_10/20191002/20191002_twn_canon_model_ym_05.jpg http://efairplay.img2.kr/www/2019_/2019_10/20191002/20191002_twn_canon_model_ym_06.jpg http://efairplay.img2.kr/www/2019_/2019_10/20191002/20191002_twn_canon_model_ym_07.jpg http://efairplay.img2.kr/www/2019_/2019_10/20191002/20191002_twn_canon_model_ym_08.jpg http://efairplay.img2.kr/www/2019_/2019_10/20191002/20191002_twn_canon_model_ym_09.jpg http://efairplay.img2.kr/www/2019_/2019_10/20191002/20191002_twn_canon_model_ym_10.jpg http://efairplay.img2.kr/www/2019_/2019_10/20191002/20191002_twn_canon_model_ym_12.jpg http://efairplay.img2.kr/www/2019_/2019_10/20191002/20191002_twn_canon_model_ym_13.jpg http://efairplay.img2.kr/www/2019_/2019_10/20191002/20191002_twn_canon_model_ym_14.jpg http://efairplay.img2.kr/www/2019_/2019_10/20191002/20191002_twn_canon_model_ym_15.jpg http://efairplay.img2.kr/www/2019_/2019_10/20191002/20191002_twn_canon_model_ym_17.jpg http://efairplay.img2.kr/www/2019_/2019_10/20191002/20191002_twn_canon_model_ym_18.jpg http://efairplay.img2.kr/www/2019_/2019_10/20191002/20191002_twn_canon_model_ym_19.jpg http://efairplay.img2.kr/www/2019_/2019_10/20191002/20191002_twn_canon_model_ym_20.jpg http://efairplay.img2.kr/www/2019_/2019_10/20191002/20191002_twn_canon_model_ym_21.jpg http://efairplay.img2.kr/www/2019_/2019_10/20191002/20191002_twn_canon_model_ym_22.jpg http://efairplay.img2.kr/www/2019_/2019_10/20191002/20191002_twn_canon_model_ym_23.jpg http://efairplay.img2.kr/www/2019_/2019_10/20191002/20191002_twn_canon_spec.jpg http://efairplay.img2.kr/www/2019_/2019_10/20191002/20191002_twn_canon_fabric.jpg http://efairplay.img2.kr/www/2019_/2019_10/20191002/20191002_twn_canon_detail_bk_ym_01.jpg http://efairplay.img2.kr/www/2019_/2019_10/20191002/20191002_twn_canon_detail_bk_ym_02.jpg http://efairplay.img2.kr/www/2019_/2019_10/20191002/20191002_twn_canon_detail_beige_ym_01.jpg http://efairplay.img2.kr/www/2019_/2019_10/20191002/20191002_twn_canon_detail_beige_ym_02.jpg http://efairplay.img2.kr/www/2019_/2019_10/20191002/20191002_twn_canon_detail_bluishgreen_ym_01.jpg http://efairplay.img2.kr/www/2019_/2019_10/20191002/20191002_twn_canon_detail_bluishgreen_ym_02.jpg http://efairplay.img2.kr/www/2019_/2019_10/20191002/20191002_twn_canon_detail_brick_ym_01.jpg http://efairplay.img2.kr/www/2019_/2019_10/20191002/20191002_twn_canon_detail_brick_ym_02.jpg http://efairplay.img2.kr/www/2019_/2019_10/20191002/20191002_twn_canon_detail_deepgray_ym_01.jpg http://efairplay.img2.kr/www/2019_/2019_10/20191002/20191002_twn_canon_detail_deepgray_ym_02.jpg http://efairplay.img2.kr/www/2019_/2019_10/20191002/20191002_twn_canon_size.jpg
[ILCORSO] 블랙 NEW 페이크 레더 무스탕 IEJU9F005BK,일꼬르소,131450,['[사이즈]를 선택하세요.' '095' '100 (SOLD OUT)' '105 (SOLD OUT)']/,h t t p s : / / i m a g e . b r a n d i . m e / c p r o d u c t / 2 0 1 9 / 1 2 / 2 0 / 1 2 6 7 8 4 3 8 _ 1 5 7 6 8 1 8 9 7 6 _ i m a g e 1 _ L . j p g,https://placidwave.hgodo.com/img/test/JIL/intro_0.jpg https://placidwave.hgodo.com/img/ilcorso/IEJU9F005.JPG https://placidwave.hgodo.com/img/ilcorso/lg_baesong.jpg
[럭스앤홀릭] 스톤아일랜드 711540223 V0099 19F 남성패딩,럭스앤홀릭,1221000,['[색상]를 선택하세요.' '아이보리']/['[사이즈]를 선택하세요.' '3XL (SOLD OUT)' 'L (SOLD OUT)' 'M (SOLD OUT)' 'S' 'XL (SOLD OUT)' 'XXL (SOLD OUT)'],h t t p s : / / i m a g e . b r a n d i . m e / c p r o d u c t / 2 0 2 0 / 0 5 / 2 8 / 1 2 5 6 1 2 0 1 _ 1 5 9 0 6 5 9 0 1 6 _ i m a g e 1 _ L . j p g,http://luxnholic1.openhost.cafe24.com/web/img/stoneisland/stoneisland_1677_a.jpg http://luxnholic1.openhost.cafe24.com/web/img/stoneisland/stoneisland_1677_b.jpg http://luxnholic1.openhost.cafe24.com/web/img/stoneisland/stoneisland_1677_c.jpg http://luxnholic1.openhost.cafe24.com/web/img/stoneisland/stoneisland_1677_d.jpg http://luxnholic1.openhost.cafe24.com/web/img/stoneisland/stoneisland_1677_e.jpg http://luxnholic1.openhost.cafe24.com/web/img/stoneisland/stoneisland_1677_f.jpg http://luxnholic1.openhost.cafe24.com/web/img/stoneisland/stoneisland_1677_g.jpg http://luxnholic1.openhost.cafe24.com/web/img/stoneisland/stoneisland_1677_h.jpg http://luxnholic1.openhost.cafe24.com/web/img/_luxnholic/luxnholic_info.jpg
MEN 오버핏 무스탕 플리스 자켓 Black_Dark Brown,콜릿,181300,['[컬러]를 선택하세요.' 'Black']/['[사이즈]를 선택하세요.' 'Free'],h t t p s : / / i m a g e . b r a n d i . m e / c p r o d u c t / 2 0 1 9 / 1 0 / 2 7 / 1 1 4 4 0 9 5 5 _ 1 5 7 2 1 5 8 7 1 5 _ i m a g e 1 _ L . j p g,https://image.brandi.me/cproductdetail/2019/10/27/837b0d39f44218ba183475e5fa302854.jpg https://image.brandi.me/cproductdetail/2019/10/27/11f33e7dd5d8c52f00763e54741e9c96.jpg https://image.brandi.me/cproductdetail/2019/10/27/05aad992241c6270f3b48c60d02667e5.jpg https://image.brandi.me/cproductdetail/2019/10/27/71bc09b78157bfb5da57b0970e396196.jpg https://image.brandi.me/cproductdetail/2019/10/27/3e8f3810b29fe70747813f830ab81254.jpg
내셔널지오그래픽 N193UJP940 라푸스 플리스 뽀글이 야상 점퍼 BROWN,내셔널지오그래픽,239000,['[색상]를 선택하세요.' 'BROWN']/['[사이즈]를 선택하세요.' '095' '100' '105'],h t t p s : / / i m a g e . b r a n d i . m e / c p r o d u c t / 2 0 1 9 / 1 0 / 1 7 / 1 1 2 0 5 8 5 4 _ 1 5 7 1 2 9 4 3 6 7 _ i m a g e 1 _ L . j p g,http://thenature.speedgabia.com/detail/nature_title.jpg http://thenature.speedgabia.com/detail/apparel_19FW/original_intro_19fw.jpg http://thenature.speedgabia.com/detail/apparel_19FW/N193UJP940-BROWN.jpg http://thenature.speedgabia.com/icon/D3.jpg http://thenature.speedgabia.com/icon/S1.jpg http://thenature.speedgabia.com/icon/B0.jpg http://thenature.speedgabia.com/detail/apparel_19FW/N193UJP940_gosi.jpg
라이크레더 트러커 무스탕점퍼 (C1804-JP941_BK),제이반스클래식,48650,['[색상]를 선택하세요.' '블랙계열']/['[사이즈]를 선택하세요.' 'M (SOLD OUT)' 'L (SOLD OUT)'],h t t p s : / / i m a g e . b r a n d i . m e / c p r o d u c t / 2 0 1 9 / 0 8 / 2 2 / 1 0 1 0 9 3 1 7 _ 1 5 6 6 4 6 3 0 5 7 _ i m a g e 1 _ L . j p g,http://jbans.net/classic/top_info.jpg http://jbans.net/classic/classic_top.jpg http://jbans.net/classic/2018/C1804-JP941_BK_01.jpg http://jbans.net/classic/2018/C1804-JP941_BK_02.jpg http://jbans.net/classic/2018/C1804-JP941_BK_03.jpg http://jbans.net/classic/2018/C1804-JP941_BK_04.jpg http://jbans.net/classic/model_size.jpg http://jbans.net/classic/120917_info.jpg
봄버점퍼 KSP6025_BL,코너스,22200,['[색상]를 선택하세요.' 'BLUE_BL']/['[사이즈]를 선택하세요.' 'M' 'L (SOLD OUT)'],h t t p s : / / i m a g e . b r a n d i . m e / c p r o d u c t / 2 0 2 0 / 0 6 / 2 9 / 1 7 7 9 6 8 4 1 _ 1 5 9 3 4 0 5 2 9 7 _ i m a g e 1 _ L . j p g,http://ai.esmplus.com/robink7200/konus/16%20SUMMER/KSP6025_BL/DETAIL/DETAIL1.jpg
[몽클레어] 19FW MARQUE 퍼후드 패딩 자켓 41378 25 53227 742,바이스트,2190000,['[사이즈]를 선택하세요.' '1 (SOLD OUT)' '2 (SOLD OUT)' '3 (SOLD OUT)' '4 (SOLD OUT)' '5']/,h t t p s : / / i m a g e . b r a n d i . m e / c p r o d u c t / 2 0 1 9 / 1 2 / 3 1 / 1 2 7 4 4 3 7 7 _ 1 5 7 7 7 5 2 9 4 5 _ i m a g e 1 _ L . j p g,http://www.buyest.co.kr/mall/cheditor/attach/20191216174207_okamrqpa.jpg
FLEECE MA-1_IVORY,매드마르스,79500,['[size]를 선택하세요.' 'medium' 'large (SOLD OUT)']/,h t t p s : / / i m a g e . b r a n d i . m e / c p r o d u c t / 2 0 1 9 / 1 2 / 1 2 / 1 2 5 6 0 5 5 2 _ 1 5 7 6 1 4 2 7 6 7 _ i m a g e 1 _ L . j p g,https://image.brandi.me/cproductdetail/2019/12/12/66e24a82e3b0a12aec76371a182cdcaa.jpg
Hoodie Bomber MA-1 Jacket Green,알디브이제트,179000,['[사이즈]를 선택하세요.' 'M (SOLD OUT)' 'L (SOLD OUT)' 'XL (SOLD OUT)']/,h t t p s : / / i m a g e . b r a n d i . m e / c p r o d u c t / 2 0 1 9 / 1 2 / 1 1 / 1 2 5 2 6 9 4 5 _ 1 5 7 6 0 4 6 0 8 0 _ i m a g e 1 _ L . j p g,https://image.brandi.me/cproductdetail/2019/12/11/ae155fb437979df5dca6e1d6d79f892e.jpg
[스톤아일랜드] 19FW 스톤아일랜드 가먼트다이드 크링클랩스 패딩자켓 네이비블루 711540223 V0020,더로즈,900000,['[컬러]를 선택하세요.' 'Navy']/['[사이즈]를 선택하세요.' 'L (SOLD OUT)' 'M (SOLD OUT)' 'S'],h t t p s : / / i m a g e . b r a n d i . m e / c p r o d u c t / 2 0 1 9 / 1 1 / 1 9 / 1 2 0 0 3 0 1 6 _ 1 5 7 4 1 4 0 5 9 4 _ i m a g e 1 _ L . j p g,https://image.brandi.me/cproductdetail/2019/11/19/c0463beedee42252f5b7a71775900a1c.jpg https://image.brandi.me/cproductdetail/2019/11/19/4a9a6a73e85ae30ae339ca0a322a403d.jpg https://image.brandi.me/cproductdetail/2019/12/03/f077b1094cb1652b77a49b64b3f711a3.jpg
내셔널지오그래픽 N194MDW940 캠밸리 구스 다운 점퍼 HAVANA KHAKI,내셔널지오그래픽,499000,['[색상]를 선택하세요.' 'HAVANA KHAKI']/['[사이즈]를 선택하세요.' '095' '100' '105'],h t t p s : / / i m a g e . b r a n d i . m e / c p r o d u c t / 2 0 1 9 / 1 0 / 1 7 / 1 1 2 0 6 5 3 2 _ 1 5 7 1 2 9 9 0 8 0 _ i m a g e 1 _ L . j p g,http://thenature.speedgabia.com/detail/nature_title.jpg http://thenature.speedgabia.com/detail/apparel_19FW/original_intro_19fw.jpg http://thenature.speedgabia.com/detail/apparel_19FW/N194MDW940-HAVANAKHAKI.jpg http://thenature.speedgabia.com/icon/D4.jpg http://thenature.speedgabia.com/icon/S1.jpg http://thenature.speedgabia.com/icon/B2.jpg http://thenature.speedgabia.com/detail/apparel_19FW/N194MDW940_gosi.jpg
내셔널지오그래픽 N194UDW980 바이슨 RDS 덕 다운 점퍼 STEEL GREY,내셔널지오그래픽,218270,['[색상]를 선택하세요.' 'STEEL GREY']/['[사이즈]를 선택하세요.' '090' '095' '100' '105' '110' '115'],h t t p s : / / i m a g e . b r a n d i . m e / c p r o d u c t / 2 0 1 9 / 1 0 / 1 7 / 1 0 3 4 6 4 4 9 _ 1 5 7 1 2 9 6 3 4 1 _ i m a g e 1 _ L . j p g,http://thenature.speedgabia.com/detail/nature_title.jpg http://thenature.speedgabia.com/detail/apparel_19FW/original_intro_19fw.jpg http://thenature.speedgabia.com/detail/apparel_19FW/N194UDW980-STEELGREY.jpg http://thenature.speedgabia.com/icon/D4.jpg http://thenature.speedgabia.com/icon/S2.jpg http://thenature.speedgabia.com/icon/B2.jpg http://thenature.speedgabia.com/detail/apparel_19FW/N194UDW980_gosi.jpg
[세트상품] ATW 월드스프리드 메탈 오버핏 바람막이 점퍼 + 메탈 라인 카고 조거팬츠,아티스트웨어,138600,['[바람막이]를 선택하세요.' '그레이M' '그레이L.' '그레이XL.' '블랙M.' '블랙L.' '블랙XL.']/['[조거팬츠]를 선택하세요.' '그레이M.' '그레이L' '그레이XL' '블랙M' '블랙L' '블랙XL'],h t t p s : / / i m a g e . b r a n d i . m e / c p r o d u c t / 2 0 2 0 / 0 8 / 2 5 / 1 8 8 9 8 5 4 0 _ 1 5 9 8 3 1 5 2 8 0 _ i m a g e 1 _ L . j p g,http://gi.esmplus.com/babaro7/ATW/ATW_shippingtext.jpg http://gi.esmplus.com/babaro7/ATW/20FW/WORLD-WPREAD-METAL-WINDBREAKER-BK_01.jpg http://gi.esmplus.com/babaro7/ATW/20FW/WORLD-WPREAD-METAL-WINDBREAKER-BK_02.jpg http://gi.esmplus.com/babaro7/ATW/20FW/METAL-LINE-CARGO-JOGGER-PANTS-BK_01.jpg http://gi.esmplus.com/babaro7/ATW/20FW/METAL-LINE-CARGO-JOGGER-PANTS-BK_02.jpg http://gi.esmplus.com/babaro7/ATW/20FW/WORLD-WPREAD-METAL-WINDBREAKER-BK_03.jpg http://gi.esmplus.com/babaro7/ATW/20FW/WORLD-WPREAD-METAL-WINDBREAKER-BK_04.jpg http://gi.esmplus.com/babaro7/ATW/20FW/WORLD-WPREAD-METAL-WINDBREAKER-BK_05.jpg http://gi.esmplus.com/babaro7/ATW/20FW/WORLD-WPREAD-METAL-WINDBREAKER-BK_06.jpg http://gi.esmplus.com/babaro7/ATW/20FW/WORLD-WPREAD-METAL-WINDBREAKER-BK_07.jpg
[해외] 20FW 맥케이지 숏패딩 딕슨 블랙 골드 지퍼,센스오브뉴욕,1739900,['[STYLE]를 선택하세요.' 'DIXON JACKET_BLACK FUR']/['[SIZE]를 선택하세요.' '38' '40'],h t t p s : / / i m a g e . b r a n d i . m e / c p r o d u c t / 2 0 2 0 / 0 8 / 1 1 / 1 8 6 4 8 2 4 7 _ 1 5 9 7 1 2 5 0 9 2 _ i m a g e 1 _ L . j p g,https://cdn.imweb.me/upload/S20170624594d2e1e0c12d/25d674e029e98.jpg
[스톤아일랜드] 721541225 V0029 20S 남성패딩,럭스앤홀릭,937000,['[색상]를 선택하세요.' '블랙']/['[사이즈]를 선택하세요.' 'M'],h t t p s : / / i m a g e . b r a n d i . m e / c p r o d u c t / 2 0 2 0 / 0 7 / 0 1 / 1 7 8 6 7 3 4 7 _ 1 5 9 3 5 7 6 3 5 3 _ i m a g e 1 _ L . j p g,http://luxnholic1.openhost.cafe24.com/web/img/stoneisland/stoneisland_1741_a.jpg http://luxnholic1.openhost.cafe24.com/web/img/stoneisland/stoneisland_1741_b.jpg http://luxnholic1.openhost.cafe24.com/web/img/stoneisland/stoneisland_1741_c.jpg http://luxnholic1.openhost.cafe24.com/web/img/stoneisland/stoneisland_1741_d.jpg http://luxnholic1.openhost.cafe24.com/web/img/stoneisland/stoneisland_1741_e.jpg http://luxnholic1.openhost.cafe24.com/web/img/stoneisland/stoneisland_1741_f.jpg http://luxnholic1.openhost.cafe24.com/web/img/stoneisland/stoneisland_1741_g.jpg http://luxnholic1.openhost.cafe24.com/web/img/stoneisland/stoneisland_1741_h.jpg http://luxnholic1.openhost.cafe24.com/web/img/_luxnholic/luxnholic_info.jpg
Willys Windbreaker (GL5JPU293DA),지프,99000,['[SIZE]를 선택하세요.' 'S' 'M' 'L' 'XL']/,h t t p s : / / i m a g e . b r a n d i . m e / c p r o d u c t / 2 0 2 0 / 0 3 / 2 5 / 1 4 8 9 4 1 1 5 _ 1 5 8 5 1 1 5 6 1 4 _ i m a g e 1 _ L . j p g,https://hollhaus.speedgabia.com/jeep/detail/notice.jpg https://hollhaus.speedgabia.com/jeep/detail/head.jpg https://hollhaus.speedgabia.com/jeep/detail/GL5JPU293_DA.jpg https://hollhaus.speedgabia.com/jeep/detail/footer.jpg
러기드하우스 : 호아트 항공점퍼 카키,러기드하우스,69000,['[색상_사이즈]를 선택하세요.' '카키_FREE (SOLD OUT)']/,h t t p s : / / i m a g e . b r a n d i . m e / c p r o d u c t / 2 0 2 0 / 0 3 / 1 1 / 1 4 4 5 6 2 2 7 _ 1 5 8 3 8 9 1 9 2 1 _ i m a g e 1 _ L . j p g,http://img22.phps.kr/tgreen09/MUSINSA/2016/ruggedtop.jpg
